source_id,work_id,kind,location,discovery_method,verification_status,rights_notes
source-chaarcha-2026-04-09-measles,zea-2026-04-09-hame-shishu-mrityur-jonno-dayi-ontorborti-sorkarer-dayittojnyanhinota,canonical_publisher,https://www.chaarcha.com/thoughts/chgktm3eamzd,Chaarcha canonical page,verified,"Canonical page confirms title, author, section, date, and matching full article body."
source-facebook-2026-04-09-measles,zea-2026-04-09-hame-shishu-mrityur-jonno-dayi-ontorborti-sorkarer-dayittojnyanhinota,facebook_search_result,https://www.facebook.com/search/top/?q=%E0%A6%B9%E0%A6%BE%E0%A6%AE%E0%A7%87%20%E0%A6%B6%E0%A6%BF%E0%A6%B6%E0%A7%81%20%E0%A6%AE%E0%A7%83%E0%A6%A4%E0%A7%8D%E0%A6%AF%E0%A7%81%20%E0%A6%B0%20%E0%A6%9C%E0%A6%A8%E0%A7%8D%E0%A6%AF%20%E0%A6%A6%E0%A6%BE%E0%A7%9F%E0%A7%80%20%E0%A6%85%E0%A6%A8%E0%A7%8D%E0%A6%A4%E0%A6%B0%E0%A7%8D%E0%A6%AC%E0%A6%B0%E0%A7%8D%E0%A6%A4%E0%A7%80%20%E0%A6%B8%E0%A6%B0%E0%A6%95%E0%A6%BE%E0%A6%B0%E0%A7%87%E0%A6%B0%20%E0%A6%A6%E0%A6%BE%E0%A7%9F%E0%A6%BF%E0%A6%A4%E0%A7%8D%E0%A6%AC%E0%A6%9C%E0%A7%8D%E0%A6%9E%E0%A6%BE%E0%A6%A8%E0%A6%B9%E0%A7%80%E0%B6%E0%AE%B9%E0%A8%E0%A4%E0%BE,Public Facebook exact-title search with expanded author post,verified,"Expanded post confirms author, ৯ এপ্রিল ২০২৬ date, title, চরচা attribution, and complete body; Chaarcha canonical page verifies https://www.chaarcha.com/thoughts/chgktm3eamzd. No stable direct Facebook permalink was exposed."
source-facebook-2026-05-10-tariff-agreement,zea-2026-05-10-juktorashtrer-shonge-shulko-chukti-tara-nirob-keno,facebook_search_result,https://www.facebook.com/search/top/?q=%E0%A6%AF%E0%A7%81%E0%A6%95%E0%A7%8D%E0%A6%A4%E0%A6%B0%E0%A6%BE%E0%A6%B7%E0%A7%8D%E0%A6%9F%E0%A7%8D%E0%A6%B0%E0%A7%87%E0%A6%B0%20%E0%A6%B8%E0%A6%99%E0%A7%8D%E0%A6%97%E0%A7%87%20%E0%A6%B6%E0%A7%81%E0%A6%B2%E0%A7%8D%E0%A6%95%20%E0%A6%9A%E0%A7%81%E0%A6%95%E0%A7%8D%E0%A6%A4%E0%A6%BF%20%E0%A6%A4%E0%A6%BE%E0%A6%B0%E0%A6%BE%20%E0%A6%A8%E0%A7%80%E0%A6%B0%E0%A6%AC%20%E0%A6%95%E0%A7%87%E0%A6%A8,Public Facebook exact-title search with expanded author post,verified,"Expanded post confirms author, ১০ মে ২০২৬ date, title, চরচা attribution, and complete body; Chaarcha canonical page verifies https://www.chaarcha.com/thoughts/chwemhab79uq. No stable direct Facebook permalink was exposed."
source-facebook-2026-05-20-eid-economy,zea-2026-05-20-eid-utshob-orthonitir-jiboni-shokti,facebook_search_result,https://www.facebook.com/search/top/?q=%E0%A6%88%E0%A6%A6%20%E0%A6%89%E0%A7%8E%E0%A6%B8%E0%A6%AC%20%E0%A6%85%E0%A6%B0%E0%A7%8D%E0%A6%A5%E0%A6%A8%E0%A7%80%E0%A6%A4%E0%A6%BF%E0%A6%B0%20%E0%A6%9C%E0%A7%80%E0%A6%AC%E0%A6%A8%E0%A7%80%E0%A6%B6%E0%A6%95%E0%A7%8D%E0%A6%A4%E0%A6%BF,Public Facebook exact-title search with expanded author post,verified,"Expanded post confirms author, ২০ মে ২০২৬ date, title, চরচা attribution, and complete body; Chaarcha canonical page verifies https://www.chaarcha.com/thoughts/chupdsqx7nfd. No stable direct Facebook permalink was exposed."
source-facebook-2026-06-09-islami-bank,zea-2026-06-09-islami-bank-niye-rajnoitik-tanaporen-keno,facebook_search_result,https://www.facebook.com/search/top/?q=%E0%A6%87%E0%A6%B8%E0%A6%B2%E0%A6%BE%E0%A6%AE%E0%A7%80%20%E0%A6%AC%E0%A6%BE%E0%A6%82%E0%A6%95%20%E0%A6%A8%E0%A6%BF%E0%A7%9F%E0%A7%87%20%E0%A6%B0%E0%A6%BE%E0%A6%9C%E0%A6%A8%E0%A7%88%E0%A6%A4%E0%A6%BF%E0%A6%95%20%E0%A6%9F%E0%A6%BE%E0%A6%A8%E0%A6%BE%E0%A6%AA%E0%A7%8B%E0%A7%9C%E0%A7%87%E0%A6%A8%20%E0%A6%95%E0%A7%87%E0%A6%A8,Public Facebook exact-title search with expanded author post,verified,"Expanded post confirms author, ৯ জুন ২০২৬ date, title, চরচা attribution, and complete body; Chaarcha canonical page verifies https://www.chaarcha.com/thoughts/ch1sqljwbi3q. No stable direct Facebook permalink was exposed."
source-facebook-2026-09-01-bidyut-jay-ase,zea-2026-09-01-bidyut-jay-ase-jabab-thake-na,facebook_search_result,https://www.facebook.com/search/top/?q=%E0%A6%AC%E0%A6%BF%E0%A6%A6%E0%A7%8D%E0%A6%AF%E0%A7%81%E0%A7%8E%20%E0%A6%AF%E0%A6%BE%E0%A7%9F-%E0%A6%86%E0%A6%B8%E0%A7%87,Public Facebook search result with expanded author post,verified,"Expanded post confirms author, ১ সেপ্টেম্বর ২০২৬ date, title, চরচা attribution, and complete body; Chaarcha canonical page verifies https://www.chaarcha.com/thoughts/chk44rjhbx8q. No stable direct Facebook permalink was exposed."
source-facebook-2026-06-29-mamlar-jote,zea-2026-06-29-mamlar-jote,facebook_post,https://www.facebook.com/zeauddinahmed.bitu/posts/pfbid03JCwHnjsb9M7EYTtGjWyVK6SBuqDMgFHaVGVTVpQF48BdyUbwDsoTU4Ja7SsWQWrl,Direct public profile traversal and expanded post,verified,"Facebook post confirms the author, title, ২৯ জুন ২০২৬ date, চরচা attribution, and complete article text; Chaarcha exact-title search and article page verify the canonical URL https://www.chaarcha.com/thoughts/ch5xdcw8i3fm."
source-viewsbangladesh-mohiuddin-2024-06-19,zea-2024-06-20-okutobhoy-kutnaitik-mahiuddin-ahmad,web_page,https://viewsbangladesh.com/bn/fearless-diplomat-mohiuddin-ahmad/,Facebook link target and author-byline/date verification,verified,"Facebook link target confirms title and author জিয়াউদ্দীন আহমেদ; source page timestamp is ১৯ জুন ২০২৪, ১৬:৪১, while the public Facebook post is dated ২০ জুন ২০২৪."
source-viewsbangladesh-democracy-2024-11-16,zea-2024-11-16-bangladeshe-onushrito-gonotontroer-shorup,web_page,https://viewsbangladesh.com/bn/the-democracy-practiced-in-bangladesh/,Facebook link target and author-byline/date verification,verified,"Facebook link target confirms title, author জিয়াউদ্দীন আহমেদ, and timestamp ১৬ নভেম্বর ২০২৪, ১:২২."
source-viewsbangladesh-haniyeh-2024-08-10,zea-2024-08-10-ismail-haniyer-karun-mrityu,web_page,https://viewsbangladesh.com/bn/tragic-death-of-ismail-haniyeh/,Facebook link target and author-byline/date verification,verified,"Facebook link target confirms title, author জিয়াউদ্দীন আহমেদ, and timestamp ১০ আগস্ট ২০২৪, ৩:০১. A matching Sangbad page dated ১১ আগস্ট ২০২৪ is treated as a later copy, not the original Facebook-linked source."
source-samprotikdeshkal-kawali-2022-01-20,zea-2022-01-20-kawali-ganer-onushthan-pond,web_page,https://www.shampratikdeshkal.com/opinion/68805,Exact-title search and source-page verification,verified,"Source page confirms title, author জিয়াউদ্দীন আহমেদ, মতামত section, and publication timestamp ২০ জানুয়ারি ২০২২, ১৩:০৮."
source-sangbad-448,zea-2026-03-15-sangbad-448,web_page,https://sangbad.net/news/448/,Sangbad opinion archive and author-byline verification,verified,"Full article imported with archive-owner authorization; source advertisements removed; original publication image retained with source-page credit."
source-sangbad-1574,zea-2026-04-04-sangbad-1574,web_page,https://sangbad.net/news/1574/,Sangbad opinion archive and author-byline verification,verified,"Full article imported with archive-owner authorization; source advertisements removed; original publication image retained with source-page credit."
source-sangbad-2635,zea-2026-04-18-sangbad-2635,web_page,https://sangbad.net/news/2635/,Sangbad opinion archive and author-byline verification,verified,"Full article imported with archive-owner authorization; source advertisements removed; original publication image retained with source-page credit."
source-sangbad-3164,zea-2026-04-25-sangbad-3164,web_page,https://sangbad.net/news/3164/,Sangbad opinion archive and author-byline verification,verified,"Full article imported with archive-owner authorization; source advertisements removed; original publication image retained with source-page credit."
source-sangbad-3773,zea-2026-05-02-sangbad-3773,web_page,https://sangbad.net/news/3773/,Sangbad opinion archive and author-byline verification,verified,"Full article imported with archive-owner authorization; source advertisements removed; original publication image retained with source-page credit."
source-sangbad-4472,zea-2026-05-09-sangbad-4472,web_page,https://sangbad.net/news/4472/,Sangbad opinion archive and author-byline verification,verified,"Full article imported with archive-owner authorization; source advertisements removed; original publication image retained with source-page credit."
source-sangbad-5271,zea-2026-05-16-sangbad-5271,web_page,https://sangbad.net/news/5271/,Public Facebook post plus Sangbad opinion archive and author-byline verification,verified,"Facebook search result dated ১৬ মে ২০২৬ matches the title; full article imported with archive-owner authorization; source advertisements removed; original publication image retained with source-page credit."
source-sangbad-5986,zea-2026-05-23-sangbad-5986,web_page,https://sangbad.net/news/5986/,Sangbad opinion archive and author-byline verification,verified,"Full article imported with archive-owner authorization; source advertisements removed; original publication image retained with source-page credit."
source-sangbad-7105,zea-2026-06-06-sangbad-7105,web_page,https://sangbad.net/news/7105/,Public Facebook post plus Sangbad opinion archive and author-byline verification,verified,"Facebook search result dated ৬ জুন ২০২৬ matches the title; full article imported with archive-owner authorization; source advertisements removed; original publication image retained with source-page credit."
source-sangbad-7916,zea-2026-06-13-sangbad-7916,web_page,https://sangbad.net/news/7916/,Sangbad opinion archive and author-byline verification,verified,"Full article imported with archive-owner authorization; source advertisements removed; original publication image retained with source-page credit."
source-sangbad-8627,zea-2026-06-20-sangbad-8627,web_page,https://sangbad.net/news/8627/,Sangbad opinion archive and author-byline verification,verified,"Full article imported with archive-owner authorization; source advertisements removed; original publication image retained with source-page credit."
source-sangbad-9440,zea-2026-06-27-sangbad-9440,web_page,https://sangbad.net/news/9440/,Sangbad opinion archive and author-byline verification,verified,"Full article imported with archive-owner authorization; source advertisements removed; original publication image retained with source-page credit."
source-sangbad-10154,zea-2026-07-04-sangbad-10154,web_page,https://sangbad.net/news/10154/,Sangbad opinion archive and author-byline verification,verified,"Full article imported with archive-owner authorization; source advertisements removed; original publication image retained with source-page credit."
source-sangbad-10895,zea-2026-07-12-sangbad-10895,web_page,https://sangbad.net/news/10895/,Sangbad opinion archive and author-byline verification,verified,"Full article imported with archive-owner authorization; source advertisements removed; original publication image retained with source-page credit."
source-sangbad-11418,zea-2026-07-18-sangbad-11418,web_page,https://sangbad.net/news/11418/,Sangbad opinion archive and author-byline verification,verified,"Full article imported with archive-owner authorization; source advertisements removed; original publication image retained with source-page credit."
source-sangbad-11975,zea-2026-07-25-sangbad-11975,web_page,https://sangbad.net/news/11975/,Sangbad opinion archive and author-byline verification,verified,"Full article imported with archive-owner authorization; source advertisements removed; original publication image retained with source-page credit."
source-sangbad-12677,zea-2026-08-01-sangbad-12677,web_page,https://sangbad.net/news/12677/,Sangbad opinion archive and author-byline verification,verified,"Full article imported with archive-owner authorization; source advertisements removed; original publication image retained with source-page credit."
source-sangbad-13399,zea-2026-08-08-sangbad-13399,web_page,https://sangbad.net/news/13399/,Sangbad opinion archive and author-byline verification,verified,"Full article imported with archive-owner authorization; source advertisements removed; original publication image retained with source-page credit."
source-chaarcha-chsh3q21m2st,zea-2026-08-14-chaarcha-chsh3q21m2st,web_page,https://www.chaarcha.com/thoughts/chsh3q21m2st,Author Facebook post and Chaarcha byline verification,verified,"Full article imported from the public Chaarcha source page; source advertisements removed."
source-sangbad-14301,zea-2026-08-15-sangbad-14301,web_page,https://sangbad.net/news/14301/,Sangbad opinion archive and author-byline verification,verified,"Full article imported with archive-owner authorization; source advertisements removed; original publication image retained with source-page credit."
source-sangbad-14979,zea-2026-08-22-sangbad-14979,web_page,https://sangbad.net/news/14979/,Sangbad opinion archive and author-byline verification,verified,"Full article imported with archive-owner authorization; source advertisements removed; original publication image retained with source-page credit."
source-sangbad-15800,zea-2026-08-29-sangbad-15800,web_page,https://sangbad.net/news/15800/,Public Facebook post link resolution and Sangbad author-byline/body verification,verified,"Public Facebook post dated 29 August 2026 resolves through share.google to this page; author, publication date, title, and complete article body match."
source-sangbad-16588,zea-2026-09-05-sangbad-16588,web_page,https://sangbad.net/news/16588/,Public Facebook post link resolution and Sangbad author-byline/body verification,verified,"Public Facebook post dated 05 September 2026 resolves through share.google to this page; author, publication date, title, and complete article body match."
source-sangbad-17258,zea-2026-09-12-sangbad-17258,web_page,https://sangbad.net/news/17258/,Public Facebook post link resolution and Sangbad author-byline/body verification,verified,"Public Facebook post dated 12 September 2026 resolves through share.google to this page; author, publication date, title, and complete article body match."
source-sangbad-18013,zea-2026-09-19-sangbad-18013,web_page,https://sangbad.net/news/18013/,Supplied public Facebook post and author-byline verification,verified,"The supplied Facebook post screenshot matches the Sangbad headline and 19 September 2026 date; full article imported with archive-owner authorization; advertisements and recommendation panels removed; hero image uses the approved Wikimedia Commons asset."
source-sangbad-18804,zea-2026-09-27-bagaromborer-arale-jobabdihitar-proshno,web_page,https://sangbad.net/news/18804/,Public Facebook post link resolution and Sangbad author-byline/body verification,verified,"Public Facebook profile post dated 27 September 2026 links to the Sangbad page; author, publication date, title, and complete article body match."
source-viewsbangladesh-corruption-2025-10-11,zea-2025-10-11-durniti-ar-chadabaji-rajnoitik-shongskritir-ongsho,web_page,https://bn.viewsbangladesh.com/corruption-extortion-part-of-political-culture/,Author Facebook post and linked Views Bangladesh byline/date verification,verified,"Existing archive text reconciled against the public source page; Facebook link resolved to the canonical URL after removing tracking parameters."
source-viewsbangladesh-tariff-2025-08-09,zea-2025-08-09-bishshobyapi-markinider-protishodhmulok-shulko-arope-bangladesher-obosthan-kemon-holo,web_page,https://bn.viewsbangladesh.com/where-does-bangladesh-stand-amidst-uss-global-retaliatory-tariffs/,Author Facebook post and linked Views Bangladesh byline/date verification,verified,"Existing archive text reconciled against the public source page; Facebook link resolved to the canonical URL after removing tracking parameters."
source-viewsbangladesh-bibhuranjan-2025-08-28,zea-2025-08-28-bibhuranjan-shorkarer-biday-i-ki-shesh-biday-naki-tarpor-o-ache,web_page,https://bn.viewsbangladesh.com/is-there-still-more-to-come-after-bibhuranjan-sarkars-tragic-departure/,Author Facebook post and linked Views Bangladesh byline/date verification,verified,"Existing archive text reconciled against the public source page; Facebook link resolved to the canonical URL after removing tracking parameters."
source-samprotik-puraskar-2022-04-04,zea-2022-04-04-puraskar-batil-shobhoniya-noy,web_page,https://www.shampratikdeshkal.com/opinion/74740,Public Facebook post and Samprotik Deshkal article-page evidence,verified,"Article page confirms the title, 4 April 2022 date, publisher, and matching full body."
source-viewsbangladesh-reform-2025-07-20,zea-2025-07-20-shongskar-o-orthonoitik-unnoyoner-poth-proshostho-korun,web_page,https://bn.viewsbangladesh.com/clear-the-path-for-reform-and-economic-progress/,Public Facebook post and linked Views Bangladesh byline/date/section verification,verified,"Canonical source page confirms author, title, section, and 20 July 2025 timestamp."
source-viewsbangladesh-notes-2025-06-14,zea-2025-06-14-obosheshe-note-bazaare-esheche,web_page,https://bn.viewsbangladesh.com/the-notes-finally-reach-the-market/,Public Facebook post and linked Views Bangladesh byline/date/section verification,verified,"Canonical source page confirms title, author, Economics section, and 14 June 2025 timestamp."
source-viewsbangladesh-avantikas-selfimmolation-2024-04-06,zea-2024-04-06-abontikader-atmohotya,web_page,https://bn.viewsbangladesh.com/avantikas-selfimmolation/,Publisher page title, author, date, and full-body reconciliation,verified,"Views Bangladesh page confirms title, author জিয়াউদ্দীন আহমেদ, 6 April 2024 timestamp, and matching article body."
source-dainikbangla-american-ambassador-immunity-2023-08-26,zea-2023-08-26-american-rashtrduter-indemnity,web_page,https://www.dainikbangla.com.bd/opinion/29685/,Publisher page title/byline/date/body verification,verified,"Dainik Bangla confirms title, author জিয়াউদ্দীন আহমেদ, and publication date 26 August 2023; body is the same article with copy-editing and punctuation variants."
source-dainikbangla-kushikkha-science-education-2023-08-19,zea-2023-kushikkha-theke-mukti,web_page,https://www.dainikbangla.com.bd/opinion/29151/1692417865,Publisher page title/byline/date/body verification,verified,"Dainik Bangla confirms title, author জিয়াউদ্দীন আহমেদ, and publication date 19 August 2023; body is the same article with copy-editing and punctuation variants."
source-facebook-bangladesh-pratidin-2021-01-22,zea-2021-01-22-adaloter-porjobekkhone-bangladesh-bank,facebook_search_result,https://www.facebook.com/search/top/?q=আদালতের%20পর্যবেক্ষণে%20বাংলাদেশ%20ব্যাংক,Public Facebook exact-title search with expanded author post,verified,"Facebook explicitly identifies the 22 January 2021 বাংলাদেশ প্রতিদিন publication and exposes the complete body; body matches the existing archive record. No stable original newspaper URL was exposed."
source-facebook-post-bangladesh-pratidin-2021-01-22,zea-2021-01-22-adaloter-porjobekkhone-bangladesh-bank,facebook_post,https://www.facebook.com/zeauddinahmed.bitu/posts/pfbid02x3WSKuELaGSwq1F2jwn5mtpVUdP8mzjM9HErigYwDGiEnHUnAPdCuM8VL8QLM9wil,Facebook timestamp link opened to canonical public post,verified,"Canonical Facebook post exposes the 22 January 2021 date, বাংলাদেশ প্রতিদিন attribution, author, and complete article body. Newspaper original URL remains unresolved."
source-facebook-post-samprotik-2022-05-19,zea-2022-05-19-bangladesher-arthik-shastho-eto-durbal-noy,facebook_post,https://www.facebook.com/zeauddinahmed.bitu/posts/pfbid0j53yhyeRNwRqav8q7D4LYcxciQ7V31m7pahbdeaYXiuh1ZA8rf1a5PYRwRV6SwvFl,Facebook timestamp link opened to canonical public post,verified,"Canonical Facebook post exposes the 19 May 2022 date, সাম্প্রতিক দেশকাল attribution, author, and complete article body; body matches the existing archive record. Newspaper original URL remains unresolved."
source-facebook-post-samprotik-2022-01-06,zea-2022-01-06-manobotar-majhi-milon-khan,facebook_post,https://www.facebook.com/zeauddinahmed.bitu/posts/pfbid09EmKUSZvS5fwjSeC4GVVhjjNNUAv6nKPAFiwhSJ8FnWb3JAfoBQnvsNvZYESp2tWl,Facebook timestamp link opened to canonical public post,verified,"Canonical Facebook post exposes the complete body and সাম্প্রতিক দেশকাল attribution. The caption says 6 January 2021 while the Facebook timestamp is 6 January 2022; the existing 2022 catalog date is retained because the body discusses the 24 December 2021 launch disaster. Newspaper original URL remains unresolved."
source-facebook-samprotik-2021-12-23,zea-2021-12-23-amerikake-tusht-rakha-kthin-samprotik-deshkal,facebook_search_result,https://www.facebook.com/search/top/?q=আমেরিকাকে%20তুষ্ট,Public Facebook exact-title search with expanded author post,verified,"Facebook identifies সাম্প্রতিক দেশকাল, gives the publication caption date as 23 December 2021, and exposes the complete body matching the existing Samprotik Deshkal record. The current search result does not expose a stable direct Facebook permalink; the original newspaper URL remains unresolved."
source-facebook-samprotik-2021-10-21,zea-2021-10-21-bijnapnmukt-bideshi-chyanel,facebook_search_result,https://www.facebook.com/search/top/?q=বিজ্ঞাপনমুক্ত%20বিদেশি%20চ্যানেল,Public Facebook exact-title search with expanded author post,verified,"Facebook identifies সাম্প্রতিক দেশকাল, gives the publication caption date as 21 October 2021, and exposes the complete body matching the existing archive record. No stable direct Facebook permalink or original newspaper URL was exposed."
source-facebook-samprotik-2021-11-25,zea-2021-11-25-shahrukh-khaner-putrer-madkaskti,facebook_search_result,https://www.facebook.com/search/top/?q=শাহরুখ%20খানের%20পুত্রের%20মাদকাসক্তি,Public Facebook exact-title search with expanded author post,verified,"Facebook identifies সাম্প্রতিক দেশকাল, gives the publication caption date as 25 November 2021, and exposes the complete body matching the existing archive record. No stable direct Facebook permalink or original newspaper URL was exposed."
source-facebook-sangbad-2021-12-25,zea-2021-12-25-rohinggader-shibire-htyakand,facebook_search_result,https://www.facebook.com/search/top/?q=রোহিঙ্গাদের%20শিবিরে%20হত্যাকাণ্ড,Public Facebook exact-title search with expanded author post,verified,"Facebook identifies দৈনিক সংবাদ, says the article was published online on 25 December 2021 and in the printed উপসম্পাদকীয় on 26 December 2021, and exposes the complete body matching the existing archive record. No stable direct Facebook permalink or original newspaper URL was exposed."
source-facebook-sangbad-2021-12-19,zea-2021-12-19-mryadapurn-pde-nyuntm-man-chai,facebook_search_result,https://www.facebook.com/search/top/?q=মর্যাদাপূর্ণ%20পদে%20ন্যূনতম%20মান%20চাই,Public Facebook exact-title search with expanded author post,verified,"Facebook identifies দৈনিক সংবাদ and gives the publication context as online on Saturday 18 December 2021 and printed on Sunday 19 December 2021; the caption date is 19 December 2021 and the complete body matches the existing archive record. No stable direct Facebook permalink or original newspaper URL was exposed."
source-facebook-sangbad-2021-12-12,zea-2021-12-12-haf-bhada-o-nirapd-sdk,facebook_search_result,https://www.facebook.com/search/top/?q=হাফ%20ভাড়া%20ও%20নিরাপদ%20সড়ক,Public Facebook exact-title search with expanded author post,verified,"Facebook identifies দৈনিক সংবাদ, gives the publication date as 12 December 2021, and exposes the complete body matching the existing archive record. No stable direct Facebook permalink or original newspaper URL was exposed."
source-facebook-sangbad-2018-07-01,zea-2018-07-01-hyakarder-rajtb,facebook_search_result,https://www.facebook.com/search/top/?q=হ্যাকারদের%20রাজত্ব,Public Facebook exact-title search with expanded author post,verified,"Facebook identifies দৈনিক সংবাদ, gives the publication date as 1 July 2018, and exposes the complete body matching the existing archive record. No stable direct Facebook permalink or original newspaper URL was exposed."
source-facebook-sangbad-2021-12-05,zea-2021-12-05-khaleda-jiyar-bideshe-chiki-sa,facebook_search_result,https://www.facebook.com/search/top/?q=খালেদা%20জিয়ার%20বিদেশে%20চিকিৎসা,Public Facebook exact-title search with expanded author post,verified,"Facebook identifies দৈনিক সংবাদ, gives the publication date as 5 December 2021, and exposes the complete body matching the existing archive record. No stable direct Facebook permalink or original newspaper URL was exposed."
source-facebook-sangbad-2021-10-24,zea-2021-10-24-bhonta-anubhuti-chai,facebook_search_result,https://www.facebook.com/search/top/?q=ভোঁতা%20অনুভূতি%20চাই,Public Facebook exact-title search with expanded author post,verified,"Facebook identifies দৈনিক সংবাদ, gives the publication date as 24 October 2021, and exposes the complete body matching the existing archive record. No stable direct Facebook permalink or original newspaper URL was exposed."
source-facebook-sangbad-2021-10-17,zea-2021-10-17-hay-hay-kompanir-fand,facebook_search_result,https://www.facebook.com/search/top/?q=হায়%20হায়%20কোম্পানির%20ফাঁদ,Public Facebook exact-title search with expanded author post,verified,"Facebook identifies দৈনিক সংবাদ, gives the publication date as 17 October 2021, and exposes the complete body matching the existing archive record. No stable direct Facebook permalink or original newspaper URL was exposed."
source-facebook-sangbad-2021-10-10,zea-2021-10-10-rbindrnather-chulo-lmba-chhilo,facebook_search_result,https://www.facebook.com/search/top/?q=রবীন্দ্রনাথের%20চুলও%20লম্বা%20ছিলো,Public Facebook exact-title search with expanded author post,verified,"Facebook identifies দৈনিক সংবাদ, gives the publication date as 10 October 2021, and exposes the complete body matching the existing archive record. No stable direct Facebook permalink or original newspaper URL was exposed."
source-facebook-sangbad-2021-10-03,zea-2021-10-03-sangbadikder-smpder-hisab,facebook_search_result,https://www.facebook.com/search/top/?q=সাংবাদিকদের%20সম্পদের%20হিসাব,Public Facebook exact-title search with expanded author post,verified,"Facebook identifies দৈনিক সংবাদ, gives the publication date as 3 October 2021, and exposes the complete body matching the existing archive record. No stable direct Facebook permalink or original newspaper URL was exposed."
source-facebook-sangbad-2021-09-12,zea-2021-09-12-netibachk-khbrer-pradhany,facebook_search_result,https://www.facebook.com/search/top/?q=নেতিবাচক%20খবরের%20প্রাধান্য,Public Facebook exact-title search with expanded author post,verified,"Facebook identifies দৈনিক সংবাদ, gives the publication date as 12 September 2021, and exposes the complete body matching the existing archive record. No stable direct Facebook permalink or original newspaper URL was exposed."
source-facebook-sangbad-2021-09-05,zea-2021-09-05-njr-mohammd-ar-primni,facebook_search_result,https://www.facebook.com/search/top/?q=নজর%20মোহাম্মদ%20আর%20পরীমনি,Public Facebook exact-title search with expanded author post,verified,"Facebook identifies দৈনিক সংবাদ, gives the publication date as 5 September 2021, and exposes the complete body matching the existing archive record. No stable direct Facebook permalink or original newspaper URL was exposed."
source-facebook-sangbad-2021-08-29,zea-2021-08-29-chhatr-chhatrider-mansik-abstha,facebook_search_result,https://www.facebook.com/search/top/?q=ছাত্র-ছাত্রীদের%20মানসিক%20অবস্থা,Public Facebook exact-title search with expanded author post,verified,"Facebook identifies দৈনিক সংবাদ, gives the publication date as 29 August 2021, and exposes the complete body matching the existing archive record. No stable direct Facebook permalink or original newspaper URL was exposed."
source-facebook-sangbad-2021-08-16,zea-2021-08-16-yt-dosh-nnd-ghosh,facebook_search_result,https://www.facebook.com/search/top/?q=যত%20দোষ%20নন্দ%20ঘোষ,Public Facebook exact-title search with expanded author post,verified,"Facebook identifies দৈনিক সংবাদ, gives the publication date as 16 August 2021, and exposes the complete body matching the existing archive record. No stable direct Facebook permalink or original newspaper URL was exposed."
source-facebook-sangbad-2021-08-08,zea-2021-08-08-bhunifod-snggthner-biruddhe-abhiyan,facebook_search_result,https://www.facebook.com/search/top/?q=ভুঁইফোড়%20সংগঠনের%20বিরুদ্ধে%20অভিযান,Public Facebook exact-title search with expanded author post,verified,"Facebook identifies দৈনিক সংবাদ, gives the publication date as 8 August 2021, and exposes the complete body matching the existing archive record. No stable direct Facebook permalink or original newspaper URL was exposed."
source-facebook-sangbad-2021-08-01,zea-2021-08-01-prdhanmntrir-ashryn-prklp,facebook_search_result,https://www.facebook.com/search/top/?q=প্রধানমন্ত্রীর%20আশ্রয়ণ%20প্রকল্প,Public Facebook exact-title search with expanded author post,verified,"Facebook identifies দৈনিক সংবাদ, gives the publication date as 1 August 2021, and exposes the complete body matching the existing archive record. No stable direct Facebook permalink or original newspaper URL was exposed."
source-facebook-negative-sangbad-2021-11-28,zea-2021-11-28-khela-bnam-rajniti,facebook_search_result,https://www.facebook.com/search/top/?q=খেলা%20বনাম%20রাজনীতি,Public Facebook exact-title search,unresolved,"The exact-title search did not surface a matching Zeauddin Ahmed Bitu post; returned results were unrelated sports/groups content. No Facebook provenance or original newspaper URL was inferred."
source-facebook-sangbad-2021-11-14,zea-2021-11-14-dijeler-dam-o-dhrmght,facebook_search_result,https://www.facebook.com/search/top/?q=ডিজেলের%20দাম%20ও%20ধর্মঘট,Public Facebook exact-title search with expanded author post,verified,"Facebook identifies দৈনিক সংবাদ, gives the publication date as 14 November 2021, and exposes the complete body matching the existing archive record. No stable direct Facebook permalink or original newspaper URL was exposed."
source-facebook-sangbad-2021-11-07,zea-2021-11-07-kumilla-kander-akrosh-tripuray,facebook_search_result,https://www.facebook.com/search/top/?q=কুমিল্লা%20কান্ডের%20আক্রোশ%20ত্রিপুরায়,Public Facebook exact-title search with expanded author post,verified,"Facebook identifies দৈনিক সংবাদ, gives the publication date as 7 November 2021, and exposes the complete body matching the existing archive record. No stable direct Facebook permalink or original newspaper URL was exposed."
source-facebook-sangbad-2021-10-31,zea-2021-10-31-bodhshuny-manush,facebook_search_result,https://www.facebook.com/search/top/?q=বোধশূন্য%20মানুষ,Public Facebook exact-title search with expanded author post,verified,"Facebook identifies দৈনিক সংবাদ, gives the publication date as 31 October 2021, and exposes the complete body matching the existing archive record. No stable direct Facebook permalink or original newspaper URL was exposed."
source-facebook-sangbad-2021-11-21,zea-2021-11-21-dhrshn-mamlay-bicharker-prybekshn,facebook_search_result,https://www.facebook.com/search/top/?q=বিচারকের%20পর্যবেক্ষণ,Public Facebook shorter-title search with expanded author post,verified,"Facebook identifies দৈনিক সংবাদ, gives the publication date as 21 November 2021, and exposes the complete body matching the existing archive record for ‘ধর্ষণ মামলায় বিচারকের পর্যবেক্ষণ’. No stable direct Facebook permalink or original newspaper URL was exposed."
source-facebook-verified-sangbad-2022-12-31,zea-2022-12-31-afganistane-nari-shikkha,facebook_search_result,https://www.facebook.com/search/top/?q=আফগানিস্তানে%20নারী%20শিক্ষা,Public Facebook search with expanded attributable author post,verified,"Expanded attributable Facebook evidence is recorded in CONTENT_REVIEW_LOG.md: complete author post body, publication date, and newspaper attribution match the catalogued record. No original newspaper URL was exposed or invented."
source-facebook-verified-sangbad-2022-12-24,zea-2022-12-24-bishwo-kap-joyi-argentina,facebook_search_result,https://www.facebook.com/search/top/?q=বিশ্ব%20কাপ%20জয়ী%20আর্জেন্টিনা,Public Facebook search with expanded attributable author post,verified,"Expanded attributable Facebook evidence is recorded in CONTENT_REVIEW_LOG.md: complete author post body, publication date, and newspaper attribution match the catalogued record. No original newspaper URL was exposed or invented."
source-facebook-negative-sangbad-2022-12-17,zea-2022-12-17-tottabodhoyok-sorkar-niye-bitorko,facebook_search_result,https://www.facebook.com/search/top/?q=তত্ত্বাবধায়ক%20সরকার%20নিয়ে%20বিতর্ক,Public Facebook exact-title search,unresolved,"The search surfaced a different 20 August 2022 author post about corruption and money laundering, not the catalogued title. No provenance or URL was inferred."
source-facebook-negative-sangbad-2022-12-10,zea-2022-12-10-islami-bank-niye-shorogol,facebook_search_result,https://www.facebook.com/search/top/?q=ইসলামী%20ব্যাংক%20নিয়ে%20শোরগোল,Public Facebook exact-title search,unresolved,"The search surfaced a different 9 June 2026 author post titled ‘ইসলামী ব্যাংক নিয়ে রাজনৈতিক টানাপোড়েন কেন?’, not the catalogued 10 December 2022 article. No provenance or URL was inferred."
source-facebook-negative-sangbad-2022-12-03,zea-2022-12-03-americar-moddhoborti-nirbachon,facebook_search_result,https://www.facebook.com/search/top/?q=আমেরিকার%20মধ্যবর্তী%20নির্বাচন,Public Facebook exact-title search,unresolved,"The search surfaced different author posts dated 23 December 2023 and 17 January 2021, not the catalogued 3 December 2022 article. No provenance or URL was inferred."
source-facebook-negative-sangbad-2022-11-19,zea-2022-11-19-argentina-brazil-somorthokder-protijogita,facebook_search_result,https://www.facebook.com/search/top/?q=আর্জেন্টিনা-ব্রাজিল%20সমর্থকদের%20প্রতিযোগিতা,Public Facebook exact-title search,unresolved,"The search returned unrelated public posts and no matching Zeauddin Ahmed Bitu post for the catalogued 19 November 2022 article. No provenance or URL was inferred."
source-facebook-negative-sangbad-2022-11-12,zea-2022-11-12-sorkari-kormokortar-baddhotamulok-obosor,facebook_search_result,https://www.facebook.com/search/top/?q=সরকারি%20কর্মকর্তার%20বাধ্যতামূলক%20অবসর,Public Facebook exact-title search,unresolved,"The search returned unrelated public posts and no matching Zeauddin Ahmed Bitu post for the catalogued 12 November 2022 article. No provenance or URL was inferred."
source-facebook-negative-sangbad-2022-11-05,zea-2022-11-05-bhawal-bir-shohid-ahsanullah-master,facebook_search_result,https://www.facebook.com/search/top/?q=ভাওয়াল%20বীর%20শহীদ%20আহসানউল্লাহ%20মাস্টার,Public Facebook exact-title search,unresolved,"The search returned unrelated public posts and no matching Zeauddin Ahmed Bitu post for the catalogued 5 November 2022 article. No provenance or URL was inferred."
source-facebook-negative-sangbad-2022-10-29,zea-2022-10-29-kothin-challenge-rishi-sunak,facebook_search_result,https://www.facebook.com/search/top/?q=কঠিন%20চ্যালেঞ্জ%20মোকাবিলা%20করতে%20হবে%20ঋষি%20সুনাককে,Public Facebook exact-title search,unresolved,"The search returned unrelated public posts and no matching Zeauddin Ahmed Bitu post for the catalogued 29 October 2022 article. No provenance or URL was inferred."
source-facebook-verified-sangbad-2022-10-22,zea-2022-10-22-kebinet-sochib-o-mukhyo-sochiber-bari,facebook_search_result,https://www.facebook.com/search/top/?q=কেবিনেট%20সচিব%20এবং%20মুখ্য%20সচিবের%20বাড়ি,Public Facebook search with expanded attributable author post,verified,"Expanded attributable Facebook evidence is recorded in CONTENT_REVIEW_LOG.md: complete author post body, publication date, and newspaper attribution match the catalogued record. No original newspaper URL was exposed or invented."
source-facebook-verified-sangbad-2022-10-15,zea-2022-10-15-rajnitir-boro-ostro-tel-gas,facebook_search_result,https://www.facebook.com/search/top/?q=রাজনীতির%20বড়%20অস্ত্র%20তেল-গ্যাস,Public Facebook search with expanded attributable author post,verified,"Expanded attributable Facebook evidence is recorded in CONTENT_REVIEW_LOG.md: complete author post body, publication date, and newspaper attribution match the catalogued record. No original newspaper URL was exposed or invented."
source-facebook-negative-sangbad-2022-10-08,zea-2022-10-08-irane-hijab-birodhi-andolon,facebook_search_result,https://www.facebook.com/search/top/?q=ইরানে%20হিজাব%20বিরোধী%20আন্দোলন,Public Facebook exact-title search,unresolved,"The search returned unrelated public posts and no matching Zeauddin Ahmed Bitu post for the catalogued 8 October 2022 article. No provenance or URL was inferred."
source-facebook-negative-sangbad-2022-09-24,zea-2022-09-24-har-na-mana-lal-shobujer-meyera,facebook_search_result,https://www.facebook.com/search/top/?q=হার%20না%20মানা%20লাল-সবুজের%20মেয়েরা,Public Facebook exact-title search,unresolved,"The search returned unrelated public posts and no matching Zeauddin Ahmed Bitu post for the catalogued 24 September 2022 article. No provenance or URL was inferred."
source-facebook-negative-sangbad-2022-09-10,zea-2022-09-10-mrityudonder-bidhane-ki-dhorshon-komechhe,facebook_search_result,https://www.facebook.com/search/top/?q=মৃত্যুদন্ডের%20বিধানে%20কি%20ধর্ষণ%20কমেছে,Public Facebook exact-title search,unresolved,"The search returned a different 2026 author post and unrelated public posts, not the catalogued 10 September 2022 article. No provenance or URL was inferred."
source-facebook-negative-sangbad-2022-09-03,zea-2022-09-03-bilkis-banu-osohay-narir-artanad,facebook_search_result,https://www.facebook.com/search/top/?q=বিলকিস%20বানুঃ%20অসহায়%20নারীর%20আর্তনাদ,Public Facebook exact-title search,unresolved,"The search returned unrelated public posts and no matching Zeauddin Ahmed Bitu post for the catalogued 3 September 2022 article. No provenance or URL was inferred."
source-facebook-negative-sangbad-2022-08-27,zea-2022-08-27-sohojat-rajnaitik-netar-ovab,facebook_search_result,https://www.facebook.com/search/top/?q=সহজাত%20রাজনৈতিক%20নেতার%20অভাব,Public Facebook exact-title search,unresolved,"The search returned unrelated public groups and posts, with no matching Zeauddin Ahmed Bitu post for the catalogued 27 August 2022 article. No provenance or URL was inferred."
source-facebook-sangbad-2022-08-20,zea-2022-08-20-deshe-deshe-durniti-o-arth-pacharer-sworup,facebook_search_result,https://www.facebook.com/search/top/?q=দেশে%20দেশে%20দুর্নীতি%20ও%20অর্থ%20পাচারের%20স্বরূপ,Public Facebook exact-title search with expanded author post and Sangbad card,verified,"Facebook identifies দৈনিক সংবাদ, gives the online publication date as 20 August 2022 (the catalog records the printed 21 August context), exposes the complete author post, and displays a Sangbad.net.bd card with the exact title. The underlying newspaper URL was not exposed directly and remains unresolved."
source-facebook-negative-sangbad-2022-08-06,zea-2022-08-06-bishwo-monday-bangladesher-shokti,facebook_search_result,https://www.facebook.com/search/top/?q=বিশ্ব%20মন্দায়%20বাংলাদেশের%20শক্তি,Public Facebook exact-title and shorter-title searches,unresolved,"Neither the exact-title nor shorter-title search surfaced a matching Zeauddin Ahmed Bitu post for the catalogued 6 August 2022 article. No publisher card, provenance, or URL was inferred."
source-facebook-negative-sangbad-2022-07-30,zea-2022-07-30-juktorastre-agneyastro-bahoner-sangskriti,facebook_search_result,https://www.facebook.com/search/top/?q=যুক্তরাষ্ট্রে%20আগ্নেয়াস্ত্র%20বহনের%20সংস্কৃতি,Public Facebook exact-title and shorter-title searches,unresolved,"Neither search surfaced a matching Zeauddin Ahmed Bitu post for the catalogued 30 July 2022 article; unrelated public posts were returned. No provenance or URL was inferred."
source-facebook-verified-sangbad-2022-07-13,zea-2022-07-13-bhumikhompe-biporjosto-afganistan,facebook_search_result,https://www.facebook.com/search/top/?q=ভূমিকম্পে%20বিপর্যস্ত%20আফগানিস্তান,Public Facebook search with expanded attributable author post,verified,"Expanded attributable Facebook evidence is recorded in CONTENT_REVIEW_LOG.md: complete author post body, publication date, and newspaper attribution match the catalogued record. No original newspaper URL was exposed or invented."
source-facebook-sangbad-2022-07-02,zea-2022-07-02-padma-setu-jatir-gorber-protik,facebook_search_result,https://www.facebook.com/search/top/?q=পদ্মা%20সেতুঃ%20জাতির%20গর্বের%20প্রতীক,Public Facebook exact-title search with expanded author post,verified,"Facebook identifies দৈনিক সংবাদ, gives the online publication date as 2 July 2022 (the catalog records the printed 3 July context), and exposes the complete body matching the existing archive record. No stable direct Facebook permalink or original newspaper URL was exposed."
source-facebook-sangbad-2022-05-28,zea-2022-05-28-mohumatrik-kolomjoddha,facebook_search_result,https://www.facebook.com/search/top/?q=মহুমাত্রিক%20কলমযোদ্ধা,Public Facebook exact-title search with expanded author post,verified,"Facebook identifies দৈনিক সংবাদ, gives the online publication date as 28 May 2022 (the catalog records the printed 29 May context), and exposes the complete body matching the existing archive record. No stable direct Facebook permalink or original newspaper URL was exposed."
source-facebook-sangbad-2022-05-21,zea-2022-05-21-durniti-o-dosharoper-rajniti,facebook_search_result,https://www.facebook.com/search/top/?q=দুর্নীতি%20ও%20দোষারোপের%20রাজনীতি,Public Facebook exact-title search with expanded author post,verified,"Facebook identifies দৈনিক সংবাদ, gives the online publication date as 21 May 2022 (the catalog records the printed 22 May context), and exposes the complete body matching the existing archive record. No stable direct Facebook permalink or original newspaper URL was exposed."
source-facebook-sangbad-2022-05-14,zea-2022-05-14-chacha-chowkidar-bidhay-thana-bhatijar,facebook_search_result,https://www.facebook.com/search/top/?q=চাচা%20চৌকিদার%20বিধায়%20থানা%20ভাতিজার,Public Facebook exact-title search with expanded author post,verified,"Facebook identifies দৈনিক সংবাদ, gives the online publication date as 14 May 2022 (the catalog records the printed 15 May context), and exposes the complete body matching the existing archive record. No stable direct Facebook permalink or original newspaper URL was exposed."
source-facebook-sangbad-2022-05-07,zea-2022-05-07-bangladeshe-manobadhikar-poristhiti,facebook_search_result,https://www.facebook.com/search/top/?q=বাংলাদেশে%20মানবাধিকার%20পরিস্থিতি,Public Facebook exact-title search with expanded author post,verified,"Facebook identifies দৈনিক সংবাদ, gives the online publication date as 7 May 2022 (the catalog records the printed 8 May context), and exposes the complete body matching the existing archive record. No stable direct Facebook permalink or original newspaper URL was exposed."
source-facebook-sangbad-2022-04-30,zea-2022-04-30-pakistaner-unpredictable-rajniti,facebook_search_result,https://www.facebook.com/search/top/?q=পাকিস্তানের%20আনপ্রেডিক্টেবল%20রাজনীতি,Public Facebook exact-title search with expanded author post,verified,"Facebook identifies দৈনিক সংবাদ, gives the online publication date as 30 April 2022 (the catalog records the printed 1 May context), and exposes the complete body matching the existing archive record. No stable direct Facebook permalink or original newspaper URL was exposed."
source-facebook-sangbad-2022-04-23,zea-2022-04-23-bishwas-ar-juktir-dwondo,facebook_search_result,https://www.facebook.com/search/top/?q=বিশ্বাস%20আর%20যুক্তির%20দ্বন্দ্ব,Public Facebook exact-title search with expanded author post,verified,"Facebook identifies দৈনিক সংবাদ, gives the online publication date as 23 April 2022 (the catalog records the printed 24 April context), and exposes the complete body matching the existing archive record. No stable direct Facebook permalink or original newspaper URL was exposed."
source-facebook-negative-sangbad-2022-04-21,zea-2022-04-21-ponner-bordhito-dor,facebook_search_result,https://www.facebook.com/search/top/?q=পণ্যের%20বর্ধিত%20দর,Public Facebook exact-title and shorter-title searches,unresolved,"Neither the exact-title search for পণ্যের বর্ধিত দর nor the shorter search for পণ্যের দর surfaced a matching Zeauddin Ahmed Bitu post. No provenance or URL was inferred for the catalogued 21 April 2022 সাম্প্রতিক দেশকাল record."
source-facebook-sangbad-2022-04-16,zea-2022-04-16-srilankar-moto-hobe-na-bangladesh,facebook_search_result,https://www.facebook.com/search/top/?q=শ্রীলঙ্কার%20মতো%20হবে%20না%20বাংলাদেশ,Public Facebook exact-title search with the dated author result expanded,verified,"Facebook identifies দৈনিক সংবাদ, gives the online publication date as 16 April 2022 (the catalog records the printed 17 April context), and the expanded author post exposes the complete body matching the existing archive record. No stable direct Facebook permalink or original newspaper URL was exposed."
source-facebook-sangbad-2022-04-09,zea-2022-04-09-tip-sojjay-bangali-nari,facebook_search_result,https://www.facebook.com/search/top/?q=টিপ%20সজ্জায়%20বাঙ্গালী%20নারী,Public Facebook exact-title search with expanded author post,verified,"Facebook identifies দৈনিক সংবাদ, gives the online publication date as 9 April 2022 (the catalog records the printed 10 April context), and exposes the complete body matching the existing archive record. No stable direct Facebook permalink or original newspaper URL was exposed."
source-facebook-sangbad-2022-04-02,zea-2022-04-02-sunny-leoner-dhaka-sofor-o-protibad,facebook_search_result,https://www.facebook.com/search/top/?q=সানি%20লিওনের%20ঢাকা%20সফর%20ও%20প্রতিবাদ%20সমাচার,Public Facebook exact-title search with expanded author post,verified,"Facebook identifies দৈনিক সংবাদ, gives the online publication date as 2 April 2022 (the catalog records the printed 3 April context), and exposes the complete body matching the existing archive record. No stable direct Facebook permalink or original newspaper URL was exposed."
source-facebook-samprotik-2022-04-award,zea-2022-04-04-puraskar-batil-shobhoniya-noy,facebook_search_result,https://www.facebook.com/search/top/?q=পুরস্কার%20বাতিল%20শোভনীয়%20নয়,Public Facebook exact-title search with expanded author post,verified,"Facebook identifies সাম্প্রতিক দেশকাল and exposes the complete body matching the archive record. The post displays the impossible date 31 April 2022; this is retained as source evidence and does not resolve the local 4 April versus live 31 March slug discrepancy. No stable direct Facebook permalink or original newspaper URL was exposed."
source-facebook-sangbad-2022-03-26,zea-2022-03-26-koronay-labh-khoter-hisab,facebook_search_result,https://www.facebook.com/search/top/?q=করোনায়%20লাভ-%ক্ষতির%20হিসাব,Public Facebook exact-title search with expanded author post,verified,"Facebook identifies দৈনিক সংবাদ, gives the online publication date as 26 March 2022 (the catalog records the printed 27 March context), and exposes the complete body matching the existing archive record. No stable direct Facebook permalink or original newspaper URL was exposed."
source-facebook-sangbad-2022-03-19,zea-2022-03-19-dhormiyo-mulyobod-o-noitikotar-songe-dhorshoner-shomporko-ki,facebook_search_result,https://www.facebook.com/search/top/?q=ধর্মীয়%20মূল্যবোধ%20ও%20নৈতিকতার%20সঙ্গে%20ধর্ষণের%20সম্পর্ক%20কী,Public Facebook exact-title search with expanded author post,verified,"Facebook identifies দৈনিক সংবাদ, gives the online publication date as 19 March 2022 (the catalog records the printed 20 March context), and exposes the complete body matching the existing archive record. No stable direct Facebook permalink or original newspaper URL was exposed."
source-facebook-sangbad-2022-03-12,zea-2022-03-12-sorok-mohasoroke-durghotnar-mohamari,facebook_search_result,https://www.facebook.com/search/top/?q=সড়ক-মহাসড়কে%20দুর্ঘটনার%20মহামারি,Public Facebook exact-title search with expanded author post,verified,"Facebook identifies দৈনিক সংবাদ, gives the online publication date as 12 March 2022 (the catalog records the printed 13 March context), and exposes the complete body matching the existing archive record. No stable direct Facebook permalink or original newspaper URL was exposed."
source-facebook-sangbad-2022-03-05,zea-2022-03-05-kotha-diyeo-keu-pashe-nei,facebook_search_result,https://www.facebook.com/search/top/?q=কথা%20দিয়েও%20কেউ%20পাশে%20নেই,Public Facebook exact-title search with expanded author post,verified,"Facebook identifies দৈনিক সংবাদ, gives the online publication date as 5 March 2022 (the catalog records the printed 6 March context), and exposes the complete body matching the existing archive record. No stable direct Facebook permalink or original newspaper URL was exposed."
source-facebook-negative-sangbad-2022-02-26,zea-2022-02-26-muktijuddhe-shesob-songit-shubharthi,facebook_search_result,https://www.facebook.com/search/top/?q=মুক্তিযুদ্ধে%20সেইসব%20সংগীত-শুভার্থী,Public Facebook exact-title search,unresolved,"The exact-title search did not surface a matching Zeauddin Ahmed Bitu post for the catalogued 26 February 2022 article. No provenance or URL was inferred."
source-facebook-negative-samprotik-2022-02-24,zea-2022-02-24-gaser-dam-briddhir-prostab,facebook_search_result,https://www.facebook.com/search/top/?q=গ্যাসের%20দাম%20বৃদ্ধির%20প্রস্তাব,Public Facebook exact-title search,unresolved,"The exact-title search did not surface a matching Zeauddin Ahmed Bitu post for the catalogued 24 February 2022 সাম্প্রতিক দেশকাল article. No provenance or URL was inferred."
source-facebook-sangbad-2022-02-12,zea-2022-02-12-nissongo-jibon-o-attnohottaya,facebook_search_result,https://www.facebook.com/search/top/?q=নিঃসঙ্গ%20জীবন%20ও%20আত্মহত্যা,Public Facebook exact-title search with expanded author post,verified,"Facebook identifies দৈনিক সংবাদ, gives the online publication date as 12 February 2022 (the catalog records the printed 13 February context), and exposes the complete body matching the existing archive record. No stable direct Facebook permalink or original newspaper URL was exposed."
source-facebook-sangbad-2022-02-05,zea-2022-02-05-ukraine-rashiar-morjadar-lorai,facebook_search_result,https://www.facebook.com/search/top/?q=ইউক্রেনে%20রাশিয়ার%20মর্যাদার%20লড়াই,Public Facebook exact-title search with expanded author post,verified,"Facebook identifies দৈনিক সংবাদ, gives the online publication date as 5 February 2022 (the catalog records the printed 6 February context), and exposes the complete body matching the existing archive record. No stable direct Facebook permalink or original newspaper URL was exposed."
source-facebook-verified-sangbad-2022-02-19,zea-2022-02-19-hijab-niye-bitorko,facebook_search_result,https://www.facebook.com/search/top/?q=হিজাব%20নিয়ে%20বিতর্ক,Public Facebook search with expanded attributable author post,verified,"Expanded attributable Facebook evidence is recorded in CONTENT_REVIEW_LOG.md: complete author post body, publication date, and newspaper attribution match the catalogued record. No original newspaper URL was exposed or invented."
source-facebook-sangbad-2022-01-15,zea-2022-01-15-koronay-srishto-monojogoter-bichchhinnota,facebook_search_result,https://www.facebook.com/search/top/?q=করোনায়%20সৃষ্ট%20মনোজগতের%20বিচ্ছিন্নতা,Public Facebook exact-title search with expanded author post,verified,"Facebook identifies দৈনিক সংবাদ, gives the online publication date as 15 January 2022 (the catalog records the printed 16 January context), and exposes the complete body matching the existing archive record. No stable direct Facebook permalink or original newspaper URL was exposed."
source-facebook-unresolved-samprotik-2022-01-20,zea-2022-01-20-kawali-ganer-onushthan-pond,facebook_search_result,https://www.facebook.com/search/top/?q=কাওয়ালি%20গানের%20অনুষ্ঠান%20পণ্ড,Public Facebook exact-title search with inconsistent result loads,unresolved,"One search load exposed a Zeauddin Ahmed Bitu result dated 20 January 2022 and naming সাম্প্রতিক দেশকাল, but later loads did not expose the author result and the full body could not be reliably expanded. This remains an evidence lead, not a verified text reconciliation."
source-facebook-verified-sangbad-2022-01-22,zea-2022-01-22-amader-jibon-amader-shontan,facebook_search_result,https://www.facebook.com/search/top/?q=আমাদের%20জীবন%2C%20আমাদের%20সন্তান,Public Facebook search with expanded attributable author post,verified,"Expanded attributable Facebook evidence is recorded in CONTENT_REVIEW_LOG.md: complete author post body, publication date, and newspaper attribution match the catalogued record. No original newspaper URL was exposed or invented."
source-facebook-verified-sangbad-2022-01-29,zea-2022-01-29-bisi-ase-bisi-jay,facebook_search_result,https://www.facebook.com/search/top/?q=ভিসি%20আসে%20ভিসি%20যায়,Public Facebook search with expanded attributable author post,verified,"Expanded attributable Facebook evidence is recorded in CONTENT_REVIEW_LOG.md: complete author post body, publication date, and newspaper attribution match the catalogued record. No original newspaper URL was exposed or invented."
source-facebook-verified-sangbad-2022-01-08,zea-2022-01-08-chele-bnam-meye-khelowar,facebook_search_result,https://www.facebook.com/search/top/?q=ছেলে%20বনাম%20মেয়ে%20খেলোয়াড়,Public Facebook search with expanded attributable author post,verified,"Expanded attributable Facebook evidence is recorded in CONTENT_REVIEW_LOG.md: complete author post body, publication date, and newspaper attribution match the catalogued record. No original newspaper URL was exposed or invented."
source-facebook-negative-samprotik-2022-01-06,zea-2022-01-06-manobotar-majhi-milon-khan,facebook_search_result,https://www.facebook.com/search/top/?q=মানবতার%20মাঝি%20মিলন%20খান,Public Facebook exact-title search,unresolved,"The search surfaced a Zeauddin Ahmed Bitu post dated 6 January 2021 for সাম্প্রতিক দেশকাল, not the catalogued 6 January 2022 record. No matching 2022 post, provenance, or URL was inferred."
source-facebook-negative-sangbad-2022-01-01,zea-2022-01-01-meyeti-sotyi-kharap,facebook_search_result,https://www.facebook.com/search/top/?q=মেয়েটি%20সত্যিই%20খারাপ,Public Facebook exact-title search,unresolved,"The search did not surface a matching Zeauddin Ahmed Bitu post for the catalogued 1 January 2022 article. No provenance or URL was inferred."
source-facebook-verified-sangbad-2022-06-25,zea-2022-06-25-bhoy-nei-ami-eshe-gechhi,facebook_search_result,https://www.facebook.com/search/top/?q=ভয়%20নেই%20আমি%20এসেছি,Public Facebook search with expanded attributable author post,verified,"Expanded attributable Facebook evidence is recorded in CONTENT_REVIEW_LOG.md: complete author post body, publication date, and newspaper attribution match the catalogued record. No original newspaper URL was exposed or invented."
source-facebook-verified-sangbad-2022-06-18,zea-2022-06-18-nobike-niye-bjp-netar-kotukti,facebook_search_result,https://www.facebook.com/search/top/?q=নবীকে%20নিয়ে%20বিজেপি%20নেতার%20কটুক্তি,Public Facebook search with expanded attributable author post,verified,"Expanded attributable Facebook evidence is recorded in CONTENT_REVIEW_LOG.md: complete author post body, publication date, and newspaper attribution match the catalogued record. No original newspaper URL was exposed or invented."
source-facebook-verified-sangbad-2022-06-04,zea-2022-06-04-ekjon-nitinishtho-sangbadik,facebook_search_result,https://www.facebook.com/search/top/?q=একজন%20নীতিনিষ্ঠ%20সাংবাদিক,Public Facebook search with expanded attributable author post,verified,"Expanded attributable Facebook evidence is recorded in CONTENT_REVIEW_LOG.md: complete author post body, publication date, and newspaper attribution match the catalogued record. No original newspaper URL was exposed or invented."
source-facebook-sangbad-2021-06-27,zea-2021-06-27-tiktok-soshyal-midiya-platform,facebook_search_result,https://www.facebook.com/search/top/?q=টিকটক%3A%20সোশ্যাল%20মিডিয়া%20প্ল্যাটফর্ম,Public Facebook exact-title search with expanded dated author post,verified,"Facebook identifies দৈনিক সংবাদ, gives the post date as 27 June 2021, and exposes the complete body matching the existing archive record. No stable direct Facebook permalink or additional URL was exposed."
source-facebook-sangbad-2021-06-06,zea-2021-06-06-israile-bhrmn-nishedhajna,facebook_search_result,https://www.facebook.com/search/top/?q=ইসরাইলে%20ভ্রমণ%20নিষেধাজ্ঞা,Public Facebook exact-title search with expanded dated author post,verified,"Facebook identifies দৈনিক সংবাদ, gives the post date as 6 June 2021, and exposes the complete body matching the existing archive record. No stable direct Facebook permalink or additional URL was exposed."
source-facebook-negative-sangbad-2021-07-11,zea-2021-07-11-lkdaun-na-shatdaun,facebook_search_result,https://www.facebook.com/search/top/?q=লকডাউন%2C%20না%20শাটডাউন,Public Facebook exact-title search,unresolved,"The search returned unrelated posts and no matching Zeauddin Ahmed Bitu column for the catalogued 11 July 2021 record. No provenance or URL was inferred."
source-facebook-negative-sangbad-2021-06-18,zea-2021-06-18-atirikt-atirnjn,facebook_search_result,https://www.facebook.com/search/top/?q=অতিরিক্ত-%20অতিরঞ্জন,Public Facebook exact-title search,unresolved,"The search returned unrelated content and no matching Zeauddin Ahmed Bitu column for the catalogued 18 June 2021 record. No provenance or URL was inferred; the existing newspaper URL remains separately recorded as an archive lead."
source-facebook-negative-sangbad-2021-06-13,zea-2021-06-13-bajet,facebook_search_result,https://www.facebook.com/search/top/?q=বাজেট%20২০২১-২০২২,Public Facebook exact-title search,unresolved,"The search surfaced an unrelated Zeauddin Ahmed Bitu video/post about his brother discussing the budget, not the catalogued 13 June 2021 column. No provenance or URL was inferred."
source-facebook-sangbad-2021-05-30,zea-2021-05-30-filistin-israiler-yuddh-birti,facebook_search_result,https://www.facebook.com/search/top/?q=ফিলিস্তিন-ইসরাইলের%20যুদ্ধ%20বিরতি,Public Facebook exact-title search with expanded dated author post,verified,"Facebook identifies দৈনিক সংবাদ, gives the post date as 30 May 2021, and exposes the complete body matching the existing archive record. No stable direct Facebook permalink or original newspaper URL was exposed."
source-facebook-negative-sangbad-2021-05-23,zea-2021-05-23-hindu-na-ora-muslim-oi-jijnase-kon-jn,facebook_search_result,https://www.facebook.com/search/top/?q=হিন্দু%20না%20ওরা%20মুসলিম%3F%20ওই%20জিজ্ঞাসে%20কোন%20জন,Public Facebook exact-title search,unresolved,"The search returned unrelated public posts using the quoted Nazrul line and no matching Zeauddin Ahmed Bitu column for the catalogued 23 May 2021 record. No provenance or URL was inferred."
source-facebook-sangbad-2021-05-09,zea-2021-05-09-iran-o-aprtirodhy-israil,facebook_search_result,https://www.facebook.com/search/top/?q=ইরান%20ও%20অপ্রতিরোধ্য%20ইসরাইল,Public Facebook exact-title search with expanded dated author post,verified,"Facebook identifies দৈনিক সংবাদ, gives the post date as 9 May 2021, and exposes the complete body matching the existing archive record. No stable direct Facebook permalink or original newspaper URL was exposed."
source-facebook-negative-sangbad-2021-05-01,zea-2021-05-01-srkar-ubhy-sngkte,facebook_search_result,https://www.facebook.com/search/top/?q=সরকার%20উভয়%20সঙ্কটে,Public Facebook title search,unresolved,"The search surfaced a different Zeauddin Ahmed Bitu post dated 11 April 2021, not the catalogued 1 May 2021 column. No matching historical post, provenance, or URL was inferred."
source-facebook-sangbad-2021-04-25,zea-2021-04-25-pdmryadar-ldai-pulish-bnam-daktar,facebook_search_result,https://www.facebook.com/search/top/?q=পদমর্যাদার%20লড়াই%3A%20পুলিশ%20বনাম%20ডাক্তার,Public Facebook exact-title search with expanded dated author post,verified,"Facebook identifies দৈনিক সংবাদ, gives the post date as 25 April 2021, and exposes the complete body matching the existing archive record. No stable direct Facebook permalink or original newspaper URL was exposed."
source-facebook-sangbad-2021-04-18,zea-2021-04-18-adipatay-bipryst-hefajte-islam-ebng-byktigt-gopniyta,facebook_search_result,https://www.facebook.com/search/top/?q=আড়িপাতায়%20বিপর্যস্ত%20হেফাজতে%20ইসলাম%20এবং%20ব্যক্তিগত%20গোপনীয়তা,Public Facebook exact-title search with expanded dated author post,verified,"Facebook identifies দৈনিক সংবাদ, gives the post date as 18 April 2021, and exposes the complete body matching the existing archive record. No stable direct Facebook permalink or original newspaper URL was exposed."
source-facebook-sangbad-2021-04-11,zea-2021-04-11-hefajt-snggitanggn-grnthagar-ebng-agun,facebook_search_result,https://www.facebook.com/search/top/?q=হেফাজত%2C%20সঙ্গীতাঙ্গন%2C%20গ্রন্থাগার%20এবং%20আগুন,Public Facebook exact-title search with expanded dated author post,verified,"Facebook identifies দৈনিক সংবাদ, gives the post date as 11 April 2021, and exposes the complete body matching the existing archive record. The catalogued Sangbad URL remains an independent publisher lead; no stable direct Facebook permalink was exposed."
source-facebook-negative-sangbad-2021-04-04,zea-2021-04-04-modir-bangladesh-sfr,facebook_search_result,https://www.facebook.com/search/top/?q=মোদির%20বাংলাদেশ%20সফর,Public Facebook exact-title search,unresolved,"The search returned a different Zeauddin Ahmed Bitu post dated 23 December 2021 about আমেরিকাকে তুষ্ট রাখা কঠিন, not the catalogued 4 April 2021 column. No matching historical post or new provenance was inferred."
source-facebook-sangbad-2021-03-28,zea-2021-03-28-jhumn-daser-bak-sbadhinta,facebook_search_result,https://www.facebook.com/search/top/?q=ঝুমন%20দাসের%20বাক%20স্বাধীনতা,Public Facebook exact-title search with expanded dated author post,verified,"Facebook identifies দৈনিক সংবাদ, gives the column date as 28 March 2021, and exposes the complete body matching the existing archive record. The Facebook result is dated 27 March as a photo-post creation date but its caption identifies the Sunday 28 March column; no stable original newspaper URL was exposed."
source-facebook-sangbad-2021-03-21,zea-2021-03-21-transjendard-tasnubha-nusrat,facebook_search_result,https://www.facebook.com/search/top/?q=ট্রান্সজেন্ডারড%20তাসনুভা-নুসরাত,Public Facebook exact-title search with expanded dated author post,verified,"Facebook identifies দৈনিক সংবাদ, gives the post date as 21 March 2021, and exposes the complete body matching the existing archive record. No stable direct Facebook permalink or original newspaper URL was exposed."
source-facebook-verified-sangbad-2021-03-14,zea-2021-03-14-dijital-ainer-bhiti,facebook_search_result,https://www.facebook.com/search/top/?q=ডিজিটাল%20আইনের%20ভীতি,Public Facebook search with expanded attributable author post,verified,"Expanded attributable Facebook evidence is recorded in CONTENT_REVIEW_LOG.md: complete author post body, publication date, and newspaper attribution match the catalogued record. No original newspaper URL was exposed or invented."
source-facebook-verified-sangbad-2021-02-14,zea-2021-02-14-miyanmare-samrik-abhyutthan,facebook_search_result,https://www.facebook.com/search/top/?q=মিয়ানমারে%20সামরিক%20অভ্যুত্থান,Public Facebook search with expanded attributable author post,verified,"Expanded attributable Facebook evidence is recorded in CONTENT_REVIEW_LOG.md: complete author post body, publication date, and newspaper attribution match the catalogued record. No original newspaper URL was exposed or invented."
source-facebook-negative-sangbad-2021-02-07-election,zea-2021-02-07-nirbachne-aniym,facebook_search_result,https://www.facebook.com/search/top/?q=নির্বাচনে%20অনিয়ম,Public Facebook exact-title search,unresolved,"The author result was dated 24 October 2021, not the catalogued 7 February 2021 column. No matching historical post, provenance, or URL was inferred."
source-facebook-verified-sangbad-2021-01-31,zea-2021-01-31-priksha-chhada-pas,facebook_search_result,https://www.facebook.com/search/top/?q=পরীক্ষা%20ছাড়া%20পাস,Public Facebook search with expanded attributable author post,verified,"Expanded attributable Facebook evidence is recorded in CONTENT_REVIEW_LOG.md: complete author post body, publication date, and newspaper attribution match the catalogued record. No original newspaper URL was exposed or invented."
source-facebook-sangbad-2021-01-17,zea-2021-01-17-capitol-hile-hamla-markin-gonotantrer-sankat,facebook_search_result,https://www.facebook.com/search/top/?q=ক্যাপিটল%20হিলে%20হামলা%3A%20মার্কিন%20গণতন্ত্রের%20সংকট,Public Facebook exact-title search with expanded dated author post,verified,"Facebook identifies দৈনিক সংবাদ, gives the post date as 17 January 2021, and exposes the complete body matching the existing archive record. No stable direct Facebook permalink or original newspaper URL was exposed."
source-facebook-sangbad-2021-01-03,zea-2021-01-03-kronar-ntun-sngskrn-o-tika,facebook_search_result,https://www.facebook.com/search/top/?q=করোনার%20নতুন%20সংস্করণ%20ও%20টিকা,Public Facebook exact-title search with expanded dated author post,verified,"Facebook identifies দৈনিক সংবাদ, gives the post date as 3 January 2021, and exposes the complete body matching the existing archive record. No stable direct Facebook permalink or original newspaper URL was exposed."
source-facebook-sangbad-2021-02-28,zea-2021-02-28-shohid-minar-prtibader-manch,facebook_search_result,https://www.facebook.com/search/top/?q=শহীদ%20মিনার%3A%20প্রতিবাদের%20মঞ্চ,Public Facebook exact-title search with expanded dated author post,verified,"Facebook identifies দৈনিক সংবাদ, gives the post date as 28 February 2021, and exposes the complete body matching the existing archive record. No stable direct Facebook permalink or original newspaper URL was exposed."
source-facebook-sangbad-2021-02-21,zea-2021-02-21-rashtriyo-khetab-batil,facebook_search_result,https://www.facebook.com/search/top/?q=রাষ্ট্রীয়%20খেতাব%20বাতিল,Public Facebook exact-title search with expanded dated author post,verified,"Facebook identifies দৈনিক সংবাদ, gives the post date as 21 February 2021, and exposes the complete body matching the existing archive record. No stable direct Facebook permalink or original newspaper URL was exposed."
source-facebook-sangbad-2021-01-24,zea-2021-01-24-monda-edar-safolye-bangladesh,facebook_search_result,https://www.facebook.com/search/top/?q=মন্দা%20এড়ানোর%20সাফল্যে%20বাংলাদেশ,Public Facebook exact-title search with expanded dated author post,verified,"Facebook identifies দৈনিক সংবাদ, gives the post date as 24 January 2021, and exposes the complete body matching the existing archive record. No stable direct Facebook permalink or original newspaper URL was exposed."
source-facebook-sangbad-2021-01-10,zea-2021-01-10-awami-lige-anuprabeshkari,facebook_search_result,https://www.facebook.com/search/top/?q=আওয়ামী%20লীগে%20অনুপ্রবেশকারী,Public Facebook exact-title search with expanded dated author post,verified,"Facebook identifies দৈনিক সংবাদ, gives the post date as 10 January 2021, and exposes the complete body matching the existing archive record. No stable direct Facebook permalink or original newspaper URL was exposed."
source-facebook-sangbad-2020-12-13,zea-2020-12-13-murti-bnam-bhaskry,facebook_search_result,https://www.facebook.com/search/top/?q=মুর্তি%20বনাম%20ভাস্কর্য,Public Facebook exact-title search with expanded dated author post,verified,"Facebook identifies দৈনিক সংবাদ, gives the post date as 13 December 2020, and exposes the complete body matching the existing archive record. No stable direct Facebook permalink or original newspaper URL was exposed."
source-facebook-sangbad-2020-12-06,zea-2020-12-06-sakiber-kshma-prarthna,facebook_search_result,https://www.facebook.com/search/top/?q=সাকিবের%20ক্ষমা%20প্রার্থনা,Public Facebook exact-title search with expanded dated author post,verified,"Facebook identifies দৈনিক সংবাদ, gives the post date as 6 December 2020, and exposes the complete body matching the existing archive record. No stable direct Facebook permalink or original newspaper URL was exposed."
source-facebook-sangbad-2020-11-29,zea-2020-11-29-munirujjman-asamprdayik-chetnar-prtibhu,facebook_search_result,https://www.facebook.com/search/top/?q=মুনীরুজ্জমান%20অসাম্প্রদায়িক%20চেতনার%20প্রতিভূ,Public Facebook exact-title search with expanded dated author post,verified,"Facebook identifies দৈনিক সংবাদ, gives the post date as 29 November 2020, and exposes the complete body matching the existing archive record. No stable direct Facebook permalink or original newspaper URL was exposed."
source-facebook-sangbad-2020-11-22,zea-2020-11-22-armeniya-ajarbaijaner-yuddh,facebook_search_result,https://www.facebook.com/search/top/?q=আর্মেনিয়া-আজারবাইজানের%20যুদ্ধ,Public Facebook exact-title search with expanded dated author post,verified,"Facebook identifies দৈনিক সংবাদ, gives the post date as 22 November 2020, and exposes the complete body matching the existing archive record. No stable direct Facebook permalink or original newspaper URL was exposed."
source-facebook-verified-sangbad-2020-11-15,zea-2020-11-15-markin-yuktrashtrer-nirbachn,facebook_search_result,https://www.facebook.com/search/top/?q=মার্কিন%20যুক্তরাষ্ট্রের%20নির্বাচন,Public Facebook search with expanded attributable author post,verified,"Expanded attributable Facebook evidence is recorded in CONTENT_REVIEW_LOG.md: complete author post body, publication date, and newspaper attribution match the catalogued record. No original newspaper URL was exposed or invented."
source-facebook-sangbad-2020-11-08,zea-2020-11-08-unmtt-jntar-unmadna,facebook_search_result,https://www.facebook.com/search/top/?q=উন্মত্ত%20জনতার%20উন্মাদনা,Public Facebook exact-title search with expanded dated author post,verified,"Facebook identifies দৈনিক সংবাদ, gives the post date as 8 November 2020, and exposes the complete body matching the existing archive record. No stable direct Facebook permalink or original newspaper URL was exposed."
source-facebook-sangbad-2020-11-01,zea-2020-11-01-ghrina-ghrinar-jnm-dey,facebook_search_result,https://www.facebook.com/search/top/?q=ঘৃণা%20ঘৃণার%20জন্ম%20দেয়,Public Facebook exact-title search with expanded dated author post,verified,"Facebook identifies দৈনিক সংবাদ, gives the post date as 1 November 2020, and exposes the complete body matching the existing archive record. The catalog already retains Sangbad URL https://sangbad.net.bd/opinion/post-editorial/16614/ as a separate publisher source; no stable direct Facebook permalink was exposed."
source-facebook-verified-sangbad-2020-10-25,zea-2020-10-25-allahr-duniyay-jmir-abhab-nei,facebook_search_result,https://www.facebook.com/search/top/?q=আল্লাহর%20দুনিয়ায়%20জমির%20অভাব%20নেই,Public Facebook search with expanded attributable author post,verified,"Expanded attributable Facebook evidence is recorded in CONTENT_REVIEW_LOG.md: complete author post body, publication date, and newspaper attribution match the catalogued record. No original newspaper URL was exposed or invented."
source-facebook-negative-sangbad-2020-10-11,zea-2020-10-11-dhrshne-bipryst-bangladesh,facebook_search_result,https://www.facebook.com/search/top/?q=ধর্ষণে%20বিপর্যস্ত%20বাংলাদেশ,Public Facebook exact-title search,unresolved,"The search surfaced a different Zeauddin Ahmed Bitu post dated 16 May 2026 about শিশুদের নিরাপত্তা কোথায়, not the catalogued 11 October 2020 column. No provenance or URL was inferred."
source-facebook-verified-sangbad-2020-10-04,zea-2020-10-04-dhrshner-brbrta,facebook_search_result,https://www.facebook.com/search/top/?q=ধর্ষণের%20বর্বরতা,Public Facebook search with expanded attributable author post,verified,"Expanded attributable Facebook evidence is recorded in CONTENT_REVIEW_LOG.md: complete author post body, publication date, and newspaper attribution match the catalogued record. No original newspaper URL was exposed or invented."
source-facebook-verified-sangbad-2020-09-27,zea-2020-09-27-khichudi-niye-matm,facebook_search_result,https://www.facebook.com/search/top/?q=খিচুড়ি%20নিয়ে%20মাতম,Public Facebook search with expanded attributable author post,verified,"Expanded attributable Facebook evidence is recorded in CONTENT_REVIEW_LOG.md: complete author post body, publication date, and newspaper attribution match the catalogued record. No original newspaper URL was exposed or invented."
source-facebook-sangbad-2020-09-20,zea-2020-09-20-msjide-bisforn,facebook_search_result,https://www.facebook.com/search/top/?q=মসজিদে%20বিস্ফোরণ,Public Facebook exact-title search with expanded dated author post,verified,"Facebook identifies দৈনিক সংবাদ, gives the post date as 20 September 2020, and exposes the complete body matching the existing archive record. No stable direct Facebook permalink or original newspaper URL was exposed."
source-facebook-verified-sangbad-2020-09-13,zea-2020-09-13-siti-krporeshner-sarmeyniti,facebook_search_result,https://www.facebook.com/search/top/?q=সিটি%20কর্পোরেশনের%20সারমেয়নীতি,Public Facebook search with expanded attributable author post,verified,"Expanded attributable Facebook evidence is recorded in CONTENT_REVIEW_LOG.md: complete author post body, publication date, and newspaper attribution match the catalogued record. No original newspaper URL was exposed or invented."
source-facebook-verified-sangbad-2020-09-06,zea-2020-09-06-bhart-bangladesh-chin,facebook_search_result,https://www.facebook.com/search/top/?q=ভারত-বাংলাদেশ-চীন,Public Facebook search with expanded attributable author post,verified,"Expanded attributable Facebook evidence is recorded in CONTENT_REVIEW_LOG.md: complete author post body, publication date, and newspaper attribution match the catalogued record. No original newspaper URL was exposed or invented."
source-facebook-sangbad-2020-08-17,zea-2020-08-17-khal-o-jlabddhtar-rajniti,facebook_search_result,https://www.facebook.com/search/top/?q=খাল%20ও%20জলাবদ্ধতার%20রাজনীতি,Public Facebook exact-title search with expanded dated author post,verified,"Facebook identifies দৈনিক সংবাদ, gives the post date as 17 August 2020, explains the Monday publication exception, and exposes the complete body matching the existing archive record. The catalog retains Sangbad URL https://sangbad.net.bd/opinion/sub-editorial/10490/ as a separate publisher source."
source-facebook-sangbad-2020-07-19,zea-2020-07-19-shaheder-kishori-meyeo-bibrt,facebook_search_result,https://www.facebook.com/search/top/?q=শাহেদের%20কিশোরী%20মেয়েও%20বিব্রত,Public Facebook exact-title search with expanded dated author post,verified,"Facebook identifies দৈনিক সংবাদ, gives the post date as 19 July 2020, and exposes the complete body matching the existing archive record. No stable direct Facebook permalink or original newspaper URL was exposed."
source-facebook-sangbad-2020-07-12,zea-2020-07-12-takay-bagher-dudh-mele,facebook_search_result,https://www.facebook.com/search/top/?q=টাকায়%20বাঘের%20দুধ%20মেলে,Public Facebook exact-title search with expanded dated author post,verified,"Facebook identifies দৈনিক সংবাদ, gives the post date as 12 July 2020, and exposes the complete body matching the existing archive record. No stable direct Facebook permalink or original newspaper URL was exposed."
source-facebook-sangbad-2020-06-28,zea-2020-06-28-allah-malik-kajemi,facebook_search_result,https://www.facebook.com/search/top/?q=আল্লাহ%20মালিক%20কাজেমী,Public Facebook exact-title search with expanded dated author post,verified,"Facebook identifies দৈনিক সংবাদ, gives the post date as 28 June 2020, and exposes the complete body matching the existing archive record. No stable direct Facebook permalink or original newspaper URL was exposed."
source-facebook-sangbad-2020-06-21,zea-2020-06-21-lkdaune-mansik-dushchinta,facebook_search_result,https://www.facebook.com/search/top/?q=লকডাউনে%20মানসিক%20দুশ্চিন্তা,Public Facebook exact-title search with expanded dated author post,verified,"Facebook identifies দৈনিক সংবাদ, gives the post date as 21 June 2020, and exposes the complete body matching the existing archive record. No stable direct Facebook permalink or original newspaper URL was exposed."
source-facebook-sangbad-2020-06-14,zea-2020-06-14-amra-sbai-brnchora-brnbadi,facebook_search_result,https://www.facebook.com/search/top/?q=আমরা%20সবাই%20বর্ণচোরা%20বর্ণবাদী,Public Facebook exact-title search with expanded dated author post,verified,"Facebook identifies সংবাদ, gives the post date as 14 June 2020, and exposes the complete body matching the existing archive record. No stable direct Facebook permalink or original newspaper URL was exposed."
source-facebook-verified-sangbad-2020-05-31,zea-2020-05-31-pshu-pakhi-htya,facebook_search_result,https://www.facebook.com/search/top/?q=পশু-পাখী%20হত্যা,Public Facebook search with expanded attributable author post,verified,"Expanded attributable Facebook evidence is recorded in CONTENT_REVIEW_LOG.md: complete author post body, publication date, and newspaper attribution match the catalogued record. No original newspaper URL was exposed or invented."
source-facebook-sangbad-2020-05-17,zea-2020-05-17-tratar-bhumikay-pulish-o-sshstrbahini,facebook_search_result,https://www.facebook.com/search/top/?q=ত্রাতার%20ভূমিকায়%20পুলিশ%20ও%20সশস্ত্রবাহিনী,Public Facebook exact-title search with expanded dated author post,verified,"Facebook identifies দৈনিক সংবাদ, gives the post date as 17 May 2020, and exposes the complete body matching the existing archive record. No stable direct Facebook permalink or original newspaper URL was exposed."
source-facebook-verified-sangbad-2020-05-10,zea-2020-05-10-gnsbasther-kit,facebook_search_result,https://www.facebook.com/search/top/?q=গণস্বাস্থের%20কিট,Public Facebook search with expanded attributable author post,verified,"Expanded attributable Facebook evidence is recorded in CONTENT_REVIEW_LOG.md: complete author post body, publication date, and newspaper attribution match the catalogued record. No original newspaper URL was exposed or invented."
source-facebook-verified-sangbad-2020-05-03,zea-2020-05-03-chiki-skder-atngk,facebook_search_result,https://www.facebook.com/search/top/?q=চিকিৎসকদের%20আতঙ্ক,Public Facebook search with expanded attributable author post,verified,"Expanded attributable Facebook evidence is recorded in CONTENT_REVIEW_LOG.md: complete author post body, publication date, and newspaper attribution match the catalogued record. No original newspaper URL was exposed or invented."
source-facebook-verified-sangbad-2020-04-26,zea-2020-04-26-maolana-ansarir-janaja,facebook_search_result,https://www.facebook.com/search/top/?q=মাওলানা%20আনসারীর%20জানাজা,Public Facebook search with expanded attributable author post,verified,"Expanded attributable Facebook evidence is recorded in CONTENT_REVIEW_LOG.md: complete author post body, publication date, and newspaper attribution match the catalogued record. No original newspaper URL was exposed or invented."
source-facebook-verified-sangbad-2020-04-19,zea-2020-04-19-basntir-prtyabrtner-pddhbni,facebook_search_result,https://www.facebook.com/search/top/?q=বাসন্তীর%20প্রত্যাবর্তনের%20পদধ্বনি,Public Facebook search with expanded attributable author post,verified,"Expanded attributable Facebook evidence is recorded in CONTENT_REVIEW_LOG.md: complete author post body, publication date, and newspaper attribution match the catalogued record. No original newspaper URL was exposed or invented."
source-facebook-verified-sangbad-2020-04-12,zea-2020-04-12-amader-chritrer-bichitr-rup,facebook_search_result,https://www.facebook.com/search/top/?q=আমাদের%20চরিত্রের%20বিচিত্র%20রূপ,Public Facebook search with expanded attributable author post,verified,"Expanded attributable Facebook evidence is recorded in CONTENT_REVIEW_LOG.md: complete author post body, publication date, and newspaper attribution match the catalogued record. No original newspaper URL was exposed or invented."
source-facebook-verified-sangbad-2020-03-29,zea-2020-03-29-kronabhairaser-kbirajgn,facebook_search_result,https://www.facebook.com/search/top/?q=করোনাভাইরাসের%20কবিরাজগণ,Public Facebook search with expanded attributable author post,verified,"Expanded attributable Facebook evidence is recorded in CONTENT_REVIEW_LOG.md: complete author post body, publication date, and newspaper attribution match the catalogued record. No original newspaper URL was exposed or invented."
source-facebook-verified-sangbad-2020-03-22,zea-2020-03-22-mujibbrsh,facebook_search_result,https://www.facebook.com/search/top/?q=মুজিববর্ষ,Public Facebook search with expanded attributable author post,verified,"Expanded attributable Facebook evidence is recorded in CONTENT_REVIEW_LOG.md: complete author post body, publication date, and newspaper attribution match the catalogued record. No original newspaper URL was exposed or invented."
source-facebook-verified-sangbad-2020-03-15,zea-2020-03-15-kronay-bishbayn-bipryst,facebook_search_result,https://www.facebook.com/search/top/?q=করোনায়%20বিশ্বায়ন%20বিপর্যস্ত,Public Facebook search with expanded attributable author post,verified,"Expanded attributable Facebook evidence is recorded in CONTENT_REVIEW_LOG.md: complete author post body, publication date, and newspaper attribution match the catalogued record. No original newspaper URL was exposed or invented."
source-facebook-verified-sangbad-2020-03-08,zea-2020-03-08-dillir-shahinbag,facebook_search_result,https://www.facebook.com/search/top/?q=দিল্লির%20শাহিনবাগ,Public Facebook search with expanded attributable author post,verified,"Expanded attributable Facebook evidence is recorded in CONTENT_REVIEW_LOG.md: complete author post body, publication date, and newspaper attribution match the catalogued record. No original newspaper URL was exposed or invented."
source-facebook-verified-sangbad-2020-03-01,zea-2020-03-01-asusth-rajnitir-bikar,facebook_search_result,https://www.facebook.com/search/top/?q=অসুস্থ%20রাজনীতির%20বিকার,Public Facebook search with expanded attributable author post,verified,"Expanded attributable Facebook evidence is recorded in CONTENT_REVIEW_LOG.md: complete author post body, publication date, and newspaper attribution match the catalogued record. No original newspaper URL was exposed or invented."
source-facebook-verified-sangbad-2020-02-23,zea-2020-02-23-bhaskr-rashar-mujibbrsh,facebook_search_result,https://www.facebook.com/search/top/?q=ভাস্কর্য%20রাশার%20মুজিববর্ষ,Public Facebook search with expanded attributable author post,verified,"Expanded attributable Facebook evidence is recorded in CONTENT_REVIEW_LOG.md: complete author post body, publication date, and newspaper attribution match the catalogued record. No original newspaper URL was exposed or invented."
source-facebook-verified-sangbad-2020-02-16,zea-2020-02-16-jngner-opr-astha-nei,facebook_search_result,https://www.facebook.com/search/top/?q=জনগণের%20ওপর%20আস্থা%20নেই,Public Facebook search with expanded attributable author post,verified,"Expanded attributable Facebook evidence is recorded in CONTENT_REVIEW_LOG.md: complete author post body, publication date, and newspaper attribution match the catalogued record. No original newspaper URL was exposed or invented."
source-facebook-verified-sangbad-2020-02-09,zea-2020-02-09-ami-bhot-diyechhi,facebook_search_result,https://www.facebook.com/search/top/?q=আমি%20ভোট%20দিয়েছি,Public Facebook search with expanded attributable author post,verified,"Expanded attributable Facebook evidence is recorded in CONTENT_REVIEW_LOG.md: complete author post body, publication date, and newspaper attribution match the catalogued record. No original newspaper URL was exposed or invented."
source-facebook-verified-sangbad-2020-02-02,zea-2020-02-02-kronabhairaser-chhobl,facebook_search_result,https://www.facebook.com/search/top/?q=করোনাভাইরাসের%20ছোবল,Public Facebook search with expanded attributable author post,verified,"Expanded attributable Facebook evidence is recorded in CONTENT_REVIEW_LOG.md: complete author post body, publication date, and newspaper attribution match the catalogued record. No original newspaper URL was exposed or invented."
source-facebook-verified-sangbad-2020-01-26,zea-2020-01-26-bu-pitanor-adhikar,facebook_search_result,https://www.facebook.com/search/top/?q=বুড়ো%20পিতার%20অধিকার,Public Facebook search with expanded attributable author post,verified,"Expanded attributable Facebook evidence is recorded in CONTENT_REVIEW_LOG.md: complete author post body, publication date, and newspaper attribution match the catalogued record. No original newspaper URL was exposed or invented."
source-facebook-verified-sangbad-2020-01-19,zea-2020-01-19-jj-miya-mane-sajano-natk,facebook_search_result,https://www.facebook.com/search/top/?q=জজ%20মিয়া%20মানে%20সাজানো%20নাটক,Public Facebook search with expanded attributable author post,verified,"Expanded attributable Facebook evidence is recorded in CONTENT_REVIEW_LOG.md: complete author post body, publication date, and newspaper attribution match the catalogued record. No original newspaper URL was exposed or invented."
source-facebook-verified-sangbad-2020-01-12,zea-2020-01-12-smr-bishard-soleimani,facebook_search_result,https://www.facebook.com/search/top/?q=সোলেইমানি%20বিষয়ে,Public Facebook search with expanded attributable author post,verified,"Expanded attributable Facebook evidence is recorded in CONTENT_REVIEW_LOG.md: complete author post body, publication date, and newspaper attribution match the catalogued record. No original newspaper URL was exposed or invented."
source-facebook-verified-sangbad-2020-01-05,zea-2020-01-05-deshe-deshe-nipidit-sngkhyalghu,facebook_search_result,https://www.facebook.com/search/top/?q=দেশে%20দেশে%20নিপীড়িত%20সংখ্যালঘু,Public Facebook search with expanded attributable author post,verified,"Expanded attributable Facebook evidence is recorded in CONTENT_REVIEW_LOG.md: complete author post body, publication date, and newspaper attribution match the catalogued record. No original newspaper URL was exposed or invented."
source-facebook-negative-sangbad-2019-12-29,zea-2019-12-29-bharter-samprdayik-pdkshep,facebook_search_result,https://www.facebook.com/search/top/?q=ভারতের%20সাম্প্রদায়িক%20পদক্ষেপ,Public Facebook exact-title search,unresolved,"The search returned no attributable Zeauddin Ahmed Bitu author post for the catalogued 29 December 2019 column. No provenance or URL was inferred."
source-facebook-verified-sangbad-2019-12-22,zea-2019-12-22-angg-prtyngg-sngyojne-dhrm,facebook_search_result,https://www.facebook.com/search/top/?q=অঙ্গ-প্রত্যঙ্গ%20সংযোজনে%20ধর্ম,Public Facebook search with expanded attributable author post,verified,"Expanded attributable Facebook evidence is recorded in CONTENT_REVIEW_LOG.md: complete author post body, publication date, and দৈনিক সংবাদ attribution match the catalogued record. No original newspaper URL was exposed or invented."
source-facebook-verified-sangbad-2019-12-15,zea-2019-12-15-angg-prtyngg-sngyojne-ain,facebook_search_result,https://www.facebook.com/search/top/?q=অঙ্গ-প্রত্যঙ্গ%20সংযোজনে%20আইন,Public Facebook search with expanded attributable author post,verified,"Expanded attributable Facebook evidence is recorded in CONTENT_REVIEW_LOG.md: complete author post body, publication date, and দৈনিক সংবাদ attribution match the catalogued record. No original newspaper URL was exposed or invented."
source-facebook-verified-sangbad-2019-12-08,zea-2019-12-08-sdk-durghtna-o-ntun-ain,facebook_search_result,https://www.facebook.com/search/top/?q=সড়ক%20দুর্ঘটনা%20ও%20নতুন%20আইন,Public Facebook search with expanded attributable author post,verified,"Expanded attributable Facebook evidence is recorded in CONTENT_REVIEW_LOG.md: complete author post body, publication date, and দৈনিক সংবাদ attribution match the catalogued record. No original newspaper URL was exposed or invented."
source-facebook-negative-sangbad-2019-12-01,zea-2019-12-01-jnmdin-udyapne-jltrngg,facebook_search_result,https://www.facebook.com/search/top/?q=জন্মদিন%20উদযাপনে%20জলতরঙ্গ,Public Facebook exact-title search,unresolved,"The search returned no attributable Zeauddin Ahmed Bitu author post for the catalogued 1 December 2019 column. No provenance or URL was inferred."
source-facebook-verified-sangbad-2019-11-24,zea-2019-11-24-piyajer-jhanj,facebook_search_result,https://www.facebook.com/search/top/?q=পিয়াজের%20ঝাঁজ,Public Facebook search with expanded attributable author post,verified,"Expanded attributable Facebook evidence is recorded in CONTENT_REVIEW_LOG.md: complete author post body, publication date, and দৈনিক সংবাদ attribution match the catalogued record. No original newspaper URL was exposed or invented."
source-facebook-verified-sangbad-2019-11-17,zea-2019-11-17-duhkh-prkash-o-bktby-prtyahar,facebook_search_result,https://www.facebook.com/search/top/?q=দুঃখ%20প্রকাশ%20ও%20বক্তব্য%20প্রত্যাহার,Public Facebook search with expanded attributable author post,verified,"Expanded attributable Facebook evidence is recorded in CONTENT_REVIEW_LOG.md: complete author post body, publication date, and দৈনিক সংবাদ attribution match the catalogued record. No original newspaper URL was exposed or invented."
source-facebook-verified-sangbad-2019-11-10,zea-2019-11-10-anubhutir-khesart,facebook_search_result,https://www.facebook.com/search/top/?q=অনুভূতির%20খেসারত,Public Facebook search with expanded attributable author post,verified,"Expanded attributable Facebook evidence is recorded in CONTENT_REVIEW_LOG.md: complete author post body, publication date, and দৈনিক সংবাদ attribution match the catalogued record. No original newspaper URL was exposed or invented."
source-facebook-verified-sangbad-2019-11-03,zea-2019-11-03-abrarer-mrityu-ebng-chhatr-rajniti-2,facebook_search_result,https://www.facebook.com/search/top/?q=আবরারের%20মৃত্যু%20এবং%20ছাত্র%20রাজনীতি,Public Facebook search with expanded attributable author post,verified,"Expanded attributable Facebook evidence is recorded in CONTENT_REVIEW_LOG.md: complete author post body, publication date, and দৈনিক সংবাদ attribution match the catalogued record. No original newspaper URL was exposed or invented."
source-facebook-verified-sangbad-2019-10-27,zea-2019-10-27-abrarer-mrityu-ebng-chhatr-rajniti-1,facebook_search_result,https://www.facebook.com/search/top/?q=আবরারের%20মৃত্যু%20এবং%20ছাত্র%20রাজনীতি,Public Facebook search with expanded attributable author post,verified,"Expanded attributable Facebook evidence is recorded in CONTENT_REVIEW_LOG.md: complete author post body, publication date, and দৈনিক সংবাদ attribution match the catalogued record. No original newspaper URL was exposed or invented."
source-facebook-negative-sangbad-2019-10-14,zea-2019-10-14-juyar-asr-kyasino-2,facebook_search_result,https://www.facebook.com/search/top/?q=জুয়ার%20আসর%20ক্যাসিনো,Public Facebook exact-title search,unresolved,"The search returned no attributable Zeauddin Ahmed Bitu author post for the catalogued 14 October 2019 column. No provenance or URL was inferred."
source-facebook-verified-sangbad-2019-10-06,zea-2019-10-06-juyar-asr-kyasino-1,facebook_search_result,https://www.facebook.com/search/top/?q=জুয়ার%20আসর%20ক্যাসিনো,Public Facebook search with expanded attributable author post,verified,"Expanded attributable Facebook evidence is recorded in CONTENT_REVIEW_LOG.md: complete author post body, publication date, and দৈনিক সংবাদ attribution match the catalogued record. No original newspaper URL was exposed or invented."
source-facebook-verified-sangbad-2019-09-29,zea-2019-09-29-tajiya-michhile-pddln-2,facebook_search_result,https://www.facebook.com/search/top/?q=তাজিয়া%20মিছিলে%20পদদলন,Public Facebook search with expanded attributable author post,verified,"Expanded attributable Facebook evidence is recorded in CONTENT_REVIEW_LOG.md: complete author post body, publication date, and দৈনিক সংবাদ attribution match the catalogued record. No original newspaper URL was exposed or invented."
source-facebook-verified-sangbad-2019-09-22,zea-2019-09-22-tajiya-michhile-pddln-1,facebook_search_result,https://www.facebook.com/search/top/?q=তাজিয়া%20মিছিলে%20পদদলন,Public Facebook search with expanded attributable author post,verified,"Expanded attributable Facebook evidence is recorded in CONTENT_REVIEW_LOG.md: complete author post body, publication date, and দৈনিক সংবাদ attribution match the catalogued record. No original newspaper URL was exposed or invented."
source-facebook-verified-sangbad-2019-09-15,zea-2019-09-15-asam-kamrup-kamakhya-2,facebook_search_result,https://www.facebook.com/search/top/?q=আসাম%20কামরূপ%20কামাখ্যা,Public Facebook search with expanded attributable author post,verified,"Expanded attributable Facebook evidence is recorded in CONTENT_REVIEW_LOG.md: complete author post body, publication date, and দৈনিক সংবাদ attribution match the catalogued record. No original newspaper URL was exposed or invented."
source-facebook-verified-sangbad-2019-09-08,zea-2019-09-08-asam-kamrup-kamakhya-1,facebook_search_result,https://www.facebook.com/search/top/?q=আসাম%20কামরূপ%20কামাখ্যা,Public Facebook search with expanded attributable author post,verified,"Expanded attributable Facebook evidence is recorded in CONTENT_REVIEW_LOG.md: complete author post body, publication date, and দৈনিক সংবাদ attribution match the catalogued record. No original newspaper URL was exposed or invented."
source-facebook-verified-sangbad-2019-09-01,zea-2019-09-01-bhusbrg-khyat-kashmir-2,facebook_search_result,https://www.facebook.com/search/top/?q=ভূস্বর্গ%20খ্যাত%20কাশ্মীর,Public Facebook search with expanded attributable author post,verified,"Expanded attributable Facebook evidence is recorded in CONTENT_REVIEW_LOG.md: complete author post body, publication date, and দৈনিক সংবাদ attribution match the catalogued record. No original newspaper URL was exposed or invented."
source-facebook-verified-sangbad-2019-08-25,zea-2019-08-25-bhusbrg-khyat-kashmir-1,facebook_search_result,https://www.facebook.com/search/top/?q=ভূস্বর্গ%20খ্যাত%20কাশ্মীর,Public Facebook search with expanded attributable author post,verified,"Expanded attributable Facebook evidence is recorded in CONTENT_REVIEW_LOG.md: complete author post body, publication date, and দৈনিক সংবাদ attribution match the catalogued record. No original newspaper URL was exposed or invented."
source-facebook-verified-sangbad-2019-08-18,zea-2019-08-18-atngke-achhi,facebook_search_result,https://www.facebook.com/search/top/?q=আতঙ্কে%20আছি,Public Facebook search with expanded attributable author post,verified,"Expanded attributable Facebook evidence is recorded in CONTENT_REVIEW_LOG.md: complete author post body, publication date, and দৈনিক সংবাদ attribution match the catalogued record. No original newspaper URL was exposed or invented."
source-facebook-negative-sangbad-2019-08-04,zea-2019-08-04-gune-ny-mane-alada,facebook_search_result,"https://www.facebook.com/search/top/?q=গুণে%20নয়,%20মানে%20আলাদা",Public Facebook exact-title search,unresolved,"The search returned no attributable Zeauddin Ahmed Bitu author post for the catalogued 4 August 2019 column. No provenance or URL was inferred."
source-facebook-verified-sangbad-2019-07-28,zea-2019-07-28-priya-sahar-hyandshek,facebook_search_result,https://www.facebook.com/search/top/?q=প্রিয়া%20সাহার%20হ্যান্ডশেক,Public Facebook search with expanded attributable author post,verified,"Expanded attributable Facebook evidence is recorded in CONTENT_REVIEW_LOG.md: complete author post body, publication date, and দৈনিক সংবাদ attribution match the catalogued record. No original newspaper URL was exposed or invented."
source-facebook-verified-sangbad-2019-07-21,zea-2019-07-21-bhagyban-president-ershad,facebook_search_result,https://www.facebook.com/search/top/?q=ভাগ্যবান%20প্রেসিডেন্ট%20এরশাদ,Public Facebook search with expanded attributable author post,verified,"Expanded attributable Facebook evidence is recorded in CONTENT_REVIEW_LOG.md: complete author post body, publication date, and দৈনিক সংবাদ attribution match the catalogued record. No original newspaper URL was exposed or invented."
source-facebook-verified-sangbad-2019-07-14,zea-2019-07-14-dhrshner-jny-shytan-dayi,facebook_search_result,https://www.facebook.com/search/top/?q=ধর্ষণের%20জন্য%20শয়তান%20দায়ী,Public Facebook search with expanded attributable author post,verified,"Expanded attributable Facebook evidence is recorded in CONTENT_REVIEW_LOG.md: complete author post body, publication date, and দৈনিক সংবাদ attribution match the catalogued record. No original newspaper URL was exposed or invented."
source-facebook-verified-sangbad-2019-07-07,zea-2019-07-07-kshmar-ayogy-brbrta,facebook_search_result,https://www.facebook.com/search/top/?q=ক্ষমার%20অযোগ্য%20বর্বরতা,Public Facebook search with expanded attributable author post,verified,"Expanded Zeauddin Ahmed Bitu author post identifies দৈনিক সংবাদ and the 7 July 2019 publication date; the complete body matches the catalogued record. No stable direct Facebook permalink or original newspaper URL was exposed."
source-facebook-verified-sangbad-2019-06-30,zea-2019-06-30-halal-nait-klab,facebook_search_result,https://www.facebook.com/search/top/?q=হালাল%20নাইট%20ক্লাব,Public Facebook search with expanded attributable author post,verified,"Expanded Zeauddin Ahmed Bitu author post identifies দৈনিক সংবাদ and the 30 June 2019 publication date; the complete body matches the catalogued record. No stable direct Facebook permalink or original newspaper URL was exposed."
source-facebook-verified-sangbad-2019-06-23,zea-2019-06-23-abhibasi-o-udbastu,facebook_search_result,https://www.facebook.com/search/top/?q=অভিবাসী%20ও%20উদ্বাস্তু,Public Facebook search with expanded attributable author post,verified,"Expanded attributable Facebook evidence is recorded in CONTENT_REVIEW_LOG.md: complete author post body, publication date, and দৈনিক সংবাদ attribution match the catalogued record. No original newspaper URL was exposed or invented."
source-facebook-verified-sangbad-2019-06-16,zea-2019-06-16-shekh-hasina-nirbhrta,facebook_search_result,https://www.facebook.com/search/top/?q=শেখ%20হাসিনা%20নির্ভরতা,Public Facebook search with expanded attributable author post,verified,"Expanded attributable Facebook evidence is recorded in CONTENT_REVIEW_LOG.md: complete author post body, publication date, and দৈনিক সংবাদ attribution match the catalogued record. No original newspaper URL was exposed or invented."
source-facebook-negative-sangbad-2019-06-02,zea-2019-06-02-nrendr-modir-jy,facebook_search_result,https://www.facebook.com/search/top/?q=নরেন্দ্র%20মোদির%20জয়,Public Facebook search with unrelated results,unresolved,"The search returned unrelated accounts, reels, and posts and no attributable Zeauddin Ahmed Bitu author post for the catalogued 2 June 2019 column. No provenance or URL was inferred."
source-facebook-verified-sangbad-2019-05-26,zea-2019-05-26-imej-sngkte-byangk,facebook_search_result,https://www.facebook.com/search/top/?q=ইমেজ%20সংকটে%20ব্যাংক,Public Facebook search with expanded attributable author post,verified,"Expanded attributable Facebook evidence is recorded in CONTENT_REVIEW_LOG.md: complete author post body, publication date, and দৈনিক সংবাদ attribution match the catalogued record. No original newspaper URL was exposed or invented."
source-facebook-verified-sangbad-2019-05-19,zea-2019-05-19-koutuk-abhineta-anis-bhai,facebook_search_result,https://www.facebook.com/search/top/?q=কৌতুক%20অভিনেতা%20আনিস%20ভাই,Public Facebook search with expanded attributable author post,verified,"Expanded attributable Facebook evidence is recorded in CONTENT_REVIEW_LOG.md: complete author post body, publication date, and দৈনিক সংবাদ attribution match the catalogued record. No original newspaper URL was exposed or invented."
source-facebook-verified-sangbad-2019-05-05,zea-2019-05-05-natker-nam-ami,facebook_search_result,https://www.facebook.com/search/top/?q=নাটকের%20নাম%20আমি,Public Facebook search with expanded attributable author post,verified,"Expanded attributable Facebook evidence is recorded in CONTENT_REVIEW_LOG.md: complete author post body, publication date, and দৈনিক সংবাদ attribution match the catalogued record. No original newspaper URL was exposed or invented."
source-facebook-negative-sangbad-2019-04-28,zea-2019-04-28-bidhbngsi-atmghati-boma,facebook_search_result,https://www.facebook.com/search/top/?q=বিধ্বংসী%20আত্মঘাতী%20বোমা,Public Facebook search with unrelated results,unresolved,"The search returned unrelated posts about suicide bomb attacks and no attributable Zeauddin Ahmed Bitu author post for the catalogued 28 April 2019 column. No provenance or URL was inferred."
source-facebook-verified-sangbad-2019-04-21,zea-2019-04-21-dhrshker-pkshe-michhil,facebook_search_result,https://www.facebook.com/search/top/?q=ধর্ষকের%20পক্ষে%20মিছিল,Public Facebook search with expanded attributable author post,verified,"Expanded attributable Facebook evidence is recorded in CONTENT_REVIEW_LOG.md: complete author post body, publication date, and দৈনিক সংবাদ attribution match the catalogued record. No original newspaper URL was exposed or invented."
source-facebook-verified-sangbad-2019-04-14,zea-2019-04-14-madrasar-adhyksher-kamukta,facebook_search_result,https://www.facebook.com/search/top/?q=মাদ্রাসার%20অধ্যক্ষের%20কামুকতা,Public Facebook search with expanded attributable author post,verified,"Expanded attributable Facebook evidence is recorded in CONTENT_REVIEW_LOG.md: complete author post body, publication date, and দৈনিক সংবাদ attribution match the catalogued record. No original newspaper URL was exposed or invented."
source-facebook-verified-sangbad-2019-04-07,zea-2019-04-07-agun-agun,facebook_search_result,https://www.facebook.com/search/top/?q=আগুন%20আগুন,Public Facebook search with expanded attributable author post,verified,"Expanded attributable Facebook evidence is recorded in CONTENT_REVIEW_LOG.md: complete author post body, publication date, and দৈনিক সংবাদ attribution match the catalogued record. No original newspaper URL was exposed or invented."
source-facebook-verified-sangbad-2019-03-31,zea-2019-03-31-eka-ek-nari,facebook_search_result,https://www.facebook.com/search/top/?q=একা%20এক%20নারী,Public Facebook search with expanded attributable author post,verified,"Expanded attributable Facebook evidence is recorded in CONTENT_REVIEW_LOG.md: complete author post body, publication date, and দৈনিক সংবাদ attribution match the catalogued record. No original newspaper URL was exposed or invented."
source-facebook-verified-sangbad-2020-07-26,zea-2020-07-26-kronar-bhyaksin,facebook_search_result,https://www.facebook.com/search/top/?q=করোনার%20ভ্যাকসিন,Public Facebook search with expanded attributable author post,verified,"Expanded attributable Facebook evidence is recorded in CONTENT_REVIEW_LOG.md: complete author post body, publication date, and newspaper attribution match the catalogued record. No original newspaper URL was exposed or invented."
